season,round,circuit_id,driver_id,grid_position,quali_delta_s,rolling_avg_finish,circuit_starts,constructor_pts_share,rain_prob,finishing_position,data_source
2022,1,bahrain,leclerc,1,0.0,1.0,0,0.4314,0.05,1,jolpica_real
2022,1,bahrain,sainz,3,0.129,3.0,0,0.4314,0.05,2,jolpica_real
2022,1,bahrain,hamilton,5,0.68,5.0,0,0.2647,0.05,3,jolpica_real
2022,1,bahrain,russell,9,1.658,9.0,0,0.2647,0.05,4,jolpica_real
2022,1,bahrain,kevin_magnussen,7,1.25,7.0,0,0.098,0.05,5,jolpica_real
2022,1,bahrain,bottas,6,1.002,6.0,0,0.0882,0.05,6,jolpica_real
2022,1,bahrain,ocon,11,1.224,11.0,0,0.0784,0.05,7,jolpica_real
2022,1,bahrain,tsunoda,16,2.192,16.0,0,0.0392,0.05,8,jolpica_real
2022,1,bahrain,alonso,8,1.637,8.0,0,0.0784,0.05,9,jolpica_real
2022,1,bahrain,zhou,15,2.985,15.0,0,0.0882,0.05,10,jolpica_real
2022,1,bahrain,mick_schumacher,12,1.44,12.0,0,0.098,0.05,11,jolpica_real
2022,1,bahrain,stroll,19,2.474,19.0,0,0.0,0.05,12,jolpica_real
2022,1,bahrain,albon,14,2.106,14.0,0,0.0,0.05,13,jolpica_real
2022,1,bahrain,ricciardo,18,2.387,18.0,0,0.0,0.05,14,jolpica_real
2022,1,bahrain,norris,13,1.45,13.0,0,0.0,0.05,15,jolpica_real
2022,1,bahrain,latifi,20,3.076,20.0,0,0.0,0.05,16,jolpica_real
2022,1,bahrain,hulkenberg,17,2.219,17.0,0,0.0,0.05,17,jolpica_real
2022,1,bahrain,perez,4,0.363,4.0,0,0.0,0.05,18,jolpica_real
2022,1,bahrain,max_verstappen,2,0.123,2.0,0,0.0,0.05,19,jolpica_real
2022,1,bahrain,gasly,10,1.78,10.0,0,0.0392,0.05,20,jolpica_real
2022,2,jeddah,max_verstappen,4,0.261,19.0,0,0.3627,0.05,1,jolpica_real
2022,2,jeddah,leclerc,2,0.025,1.0,0,0.3333,0.05,2,jolpica_real
2022,2,jeddah,sainz,3,0.202,2.0,0,0.3333,0.05,3,jolpica_real
2022,2,jeddah,perez,1,0.0,18.0,0,0.3627,0.05,4,jolpica_real
2022,2,jeddah,russell,6,0.904,4.0,0,0.1078,0.05,5,jolpica_real
2022,2,jeddah,ocon,5,0.868,7.0,0,0.0784,0.05,6,jolpica_real
2022,2,jeddah,norris,11,1.451,15.0,0,0.0588,0.05,7,jolpica_real
2022,2,jeddah,gasly,9,1.054,20.0,0,0.0392,0.05,8,jolpica_real
2022,2,jeddah,kevin_magnussen,10,1.388,5.0,0,0.0196,0.05,9,jolpica_real
2022,2,jeddah,hamilton,15,2.143,3.0,0,0.1078,0.05,10,jolpica_real
2022,2,jeddah,zhou,12,1.619,10.0,0,0.0,0.05,11,jolpica_real
2022,2,jeddah,hulkenberg,17,2.343,17.0,0,0.0,0.05,12,jolpica_real
2022,2,jeddah,stroll,13,2.809,12.0,0,0.0,0.05,13,jolpica_real
2022,2,jeddah,albon,16,2.292,13.0,0,0.0,0.05,14,jolpica_real
2022,2,jeddah,bottas,8,0.983,6.0,0,0.0,0.05,15,jolpica_real
2022,2,jeddah,alonso,7,0.947,9.0,0,0.0784,0.05,16,jolpica_real
2022,2,jeddah,ricciardo,14,1.573,14.0,0,0.0588,0.05,17,jolpica_real
2022,2,jeddah,latifi,18,3.617,16.0,0,0.0,0.05,18,jolpica_real
2022,2,jeddah,tsunoda,19,1.2,8.0,0,0.0392,0.05,19,jolpica_real
2022,2,jeddah,mick_schumacher,20,1.72,11.0,0,0.0196,0.05,20,jolpica_real
2022,3,albert_park,leclerc,1,0.0,1.5,0,0.2549,0.05,1,jolpica_real
2022,3,albert_park,perez,3,0.372,11.0,0,0.1765,0.05,2,jolpica_real
2022,3,albert_park,russell,6,1.065,4.5,0,0.2647,0.05,3,jolpica_real
2022,3,albert_park,hamilton,5,0.957,6.5,0,0.2647,0.05,4,jolpica_real
2022,3,albert_park,norris,4,0.835,11.0,0,0.1765,0.05,5,jolpica_real
2022,3,albert_park,ricciardo,7,1.164,15.5,0,0.1765,0.05,6,jolpica_real
2022,3,albert_park,ocon,8,1.193,6.5,0,0.0588,0.05,7,jolpica_real
2022,3,albert_park,bottas,12,1.542,10.5,0,0.0392,0.05,8,jolpica_real
2022,3,albert_park,gasly,11,1.358,14.0,0,0.0196,0.05,9,jolpica_real
2022,3,albert_park,albon,20,2.267,13.5,0,0.0098,0.05,10,jolpica_real
2022,3,albert_park,zhou,14,2.287,10.5,0,0.0392,0.05,11,jolpica_real
2022,3,albert_park,stroll,19,1.2,12.5,0,0.0,0.05,12,jolpica_real
2022,3,albert_park,mick_schumacher,15,2.597,15.5,0,0.0,0.05,13,jolpica_real
2022,3,albert_park,kevin_magnussen,16,2.386,7.0,0,0.0,0.05,14,jolpica_real
2022,3,albert_park,tsunoda,13,1.556,13.5,0,0.0196,0.05,15,jolpica_real
2022,3,albert_park,latifi,18,3.504,17.0,0,0.0098,0.05,16,jolpica_real
2022,3,albert_park,alonso,10,0.947,12.5,0,0.0588,0.05,17,jolpica_real
2022,3,albert_park,max_verstappen,2,0.286,10.0,0,0.1765,0.05,18,jolpica_real
2022,3,albert_park,vettel,17,3.281,17.0,0,0.0,0.05,19,jolpica_real
2022,3,albert_park,sainz,9,1.54,2.5,0,0.2549,0.05,20,jolpica_real
2022,4,imola,max_verstappen,1,9.009,12.67,0,0.4314,0.05,1,jolpica_real
2022,4,imola,perez,3,10.818,8.0,0,0.4314,0.05,2,jolpica_real
2022,4,imola,norris,5,10.141,9.0,0,0.1471,0.05,3,jolpica_real
2022,4,imola,russell,11,1.767,4.0,0,0.1176,0.05,4,jolpica_real
2022,4,imola,bottas,7,11.449,9.67,0,0.098,0.05,5,jolpica_real
2022,4,imola,leclerc,2,9.788,1.33,0,0.0784,0.05,6,jolpica_real
2022,4,imola,tsunoda,12,1.484,14.0,0,0.0588,0.05,7,jolpica_real
2022,4,imola,vettel,13,12.072,19.0,0,0.049,0.05,8,jolpica_real
2022,4,imola,kevin_magnussen,8,10.174,9.33,0,0.0196,0.05,9,jolpica_real
2022,4,imola,stroll,15,9.129,12.33,0,0.049,0.05,10,jolpica_real
2022,4,imola,albon,18,1.2,12.33,0,0.0,0.05,11,jolpica_real
2022,4,imola,gasly,17,1.742,12.33,0,0.0588,0.05,12,jolpica_real
2022,4,imola,hamilton,14,2.148,5.67,0,0.1176,0.05,13,jolpica_real
2022,4,imola,ocon,16,3.348,6.67,0,0.0,0.05,14,jolpica_real
2022,4,imola,zhou,20,2.444,10.67,0,0.098,0.05,15,jolpica_real
2022,4,imola,latifi,19,2.981,16.67,0,0.0,0.05,16,jolpica_real
2022,4,imola,mick_schumacher,10,1.926,14.67,0,0.0196,0.05,17,jolpica_real
2022,4,imola,ricciardo,6,10.752,12.33,0,0.1471,0.05,18,jolpica_real
2022,4,imola,alonso,9,10.212,14.0,0,0.0,0.05,19,jolpica_real
2022,4,imola,sainz,4,0.0,8.33,0,0.0784,0.05,20,jolpica_real
2022,5,miami,max_verstappen,3,0.195,9.75,0,0.3725,0.05,1,jolpica_real
2022,5,miami,leclerc,1,0.0,2.5,0,0.3235,0.05,2,jolpica_real
2022,5,miami,sainz,2,0.19,11.25,0,0.3235,0.05,3,jolpica_real
2022,5,miami,perez,4,0.24,6.5,0,0.3725,0.05,4,jolpica_real
2022,5,miami,russell,12,1.377,4.0,0,0.1765,0.05,5,jolpica_real
2022,5,miami,hamilton,6,0.829,7.5,0,0.1765,0.05,6,jolpica_real
2022,5,miami,bottas,5,0.679,8.5,0,0.0588,0.05,7,jolpica_real
2022,5,miami,ocon,20,1.2,8.5,0,0.0392,0.05,8,jolpica_real
2022,5,miami,albon,18,2.47,12.0,0,0.0196,0.05,9,jolpica_real
2022,5,miami,stroll,20,1.88,11.75,0,0.0098,0.05,10,jolpica_real
2022,5,miami,alonso,11,1.364,15.25,0,0.0392,0.05,11,jolpica_real
2022,5,miami,tsunoda,9,1.136,12.25,0,0.0,0.05,12,jolpica_real
2022,5,miami,ricciardo,14,1.514,13.75,0,0.0,0.05,13,jolpica_real
2022,5,miami,latifi,19,2.529,16.5,0,0.0196,0.05,14,jolpica_real
2022,5,miami,mick_schumacher,15,1.627,15.25,0,0.0,0.05,15,jolpica_real
2022,5,miami,kevin_magnussen,16,2.179,9.25,0,0.0,0.05,16,jolpica_real
2022,5,miami,vettel,20,1.418,13.5,0,0.0098,0.05,17,jolpica_real
2022,5,miami,gasly,7,0.894,12.25,0,0.0,0.05,18,jolpica_real
2022,5,miami,norris,8,0.954,7.5,0,0.0,0.05,19,jolpica_real
2022,5,miami,zhou,17,2.224,11.75,0,0.0588,0.05,20,jolpica_real
2022,6,catalunya,max_verstappen,2,0.323,8.0,0,0.4314,0.05,1,jolpica_real
2022,6,catalunya,perez,5,0.67,6.0,0,0.4314,0.05,2,jolpica_real
2022,6,catalunya,russell,4,0.643,4.2,0,0.2451,0.05,3,jolpica_real
2022,6,catalunya,sainz,3,0.416,9.6,0,0.1176,0.05,4,jolpica_real
2022,6,catalunya,hamilton,6,0.762,7.2,0,0.2451,0.05,5,jolpica_real
2022,6,catalunya,bottas,7,0.858,8.2,0,0.0784,0.05,6,jolpica_real
2022,6,catalunya,ocon,12,1.888,8.4,0,0.0784,0.05,7,jolpica_real
2022,6,catalunya,norris,11,1.721,9.8,0,0.0392,0.05,8,jolpica_real
2022,6,catalunya,alonso,20,2.293,14.4,0,0.0784,0.05,9,jolpica_real
2022,6,catalunya,tsunoda,13,1.889,12.2,0,0.0098,0.05,10,jolpica_real
2022,6,catalunya,vettel,16,2.204,14.67,0,0.0,0.05,11,jolpica_real
2022,6,catalunya,ricciardo,9,1.547,13.6,0,0.0392,0.05,12,jolpica_real
2022,6,catalunya,gasly,14,2.111,13.4,0,0.0098,0.05,13,jolpica_real
2022,6,catalunya,mick_schumacher,10,1.618,15.2,0,0.0,0.05,14,jolpica_real
2022,6,catalunya,stroll,17,2.668,11.4,0,0.0,0.05,15,jolpica_real
2022,6,catalunya,latifi,19,3.165,16.0,0,0.0,0.05,16,jolpica_real
2022,6,catalunya,kevin_magnussen,8,0.932,10.6,0,0.0,0.05,17,jolpica_real
2022,6,catalunya,albon,18,2.895,11.4,0,0.0,0.05,18,jolpica_real
2022,6,catalunya,zhou,15,2.344,13.4,0,0.0784,0.05,19,jolpica_real
2022,6,catalunya,leclerc,1,0.0,2.4,0,0.1176,0.05,20,jolpica_real
2022,7,monaco,perez,3,0.253,2.8,0,0.3922,0.05,1,jolpica_real
2022,7,monaco,sainz,2,0.225,10.0,0,0.2941,0.05,2,jolpica_real
2022,7,monaco,max_verstappen,4,0.29,4.4,0,0.3922,0.05,3,jolpica_real
2022,7,monaco,leclerc,1,0.0,6.2,0,0.2941,0.05,4,jolpica_real
2022,7,monaco,russell,6,0.736,4.0,0,0.1373,0.05,5,jolpica_real
2022,7,monaco,norris,5,0.473,8.4,0,0.0882,0.05,6,jolpica_real
2022,7,monaco,alonso,7,0.871,14.4,0,0.0588,0.05,7,jolpica_real
2022,7,monaco,hamilton,8,1.184,7.6,0,0.1373,0.05,8,jolpica_real
2022,7,monaco,bottas,12,1.533,8.2,0,0.0196,0.05,9,jolpica_real
2022,7,monaco,vettel,9,1.356,13.75,0,0.0098,0.05,10,jolpica_real
2022,7,monaco,gasly,17,2.284,12.0,0,0.0,0.05,11,jolpica_real
2022,7,monaco,ocon,10,1.671,8.4,0,0.0588,0.05,12,jolpica_real
2022,7,monaco,ricciardo,14,1.588,13.2,0,0.0882,0.05,13,jolpica_real
2022,7,monaco,stroll,18,2.302,12.0,0,0.0098,0.05,14,jolpica_real
2022,7,monaco,latifi,19,3.027,16.0,0,0.0,0.05,15,jolpica_real
2022,7,monaco,zhou,20,4.23,15.2,0,0.0196,0.05,16,jolpica_real
2022,7,monaco,tsunoda,11,1.421,12.6,0,0.0,0.05,17,jolpica_real
2022,7,monaco,albon,16,2.235,12.4,0,0.0,0.05,18,jolpica_real
2022,7,monaco,mick_schumacher,15,1.705,15.8,0,0.0,0.05,19,jolpica_real
2022,7,monaco,kevin_magnussen,13,1.545,13.0,0,0.0,0.05,20,jolpica_real
2022,8,baku,max_verstappen,3,0.347,4.8,0,0.4314,0.05,1,jolpica_real
2022,8,baku,perez,2,0.282,2.2,0,0.4314,0.05,2,jolpica_real
2022,8,baku,russell,5,1.353,4.0,0,0.2647,0.05,3,jolpica_real
2022,8,baku,hamilton,7,1.565,7.2,0,0.2647,0.05,4,jolpica_real
2022,8,baku,gasly,6,1.486,12.6,0,0.098,0.05,5,jolpica_real
2022,8,baku,vettel,9,1.732,13.0,0,0.0784,0.05,6,jolpica_real
2022,8,baku,alonso,10,1.814,12.6,0,0.0686,0.05,7,jolpica_real
2022,8,baku,ricciardo,12,2.215,12.4,0,0.0588,0.05,8,jolpica_real
2022,8,baku,norris,11,2.039,8.2,0,0.0588,0.05,9,jolpica_real
2022,8,baku,ocon,13,2.226,9.6,0,0.0686,0.05,10,jolpica_real
2022,8,baku,bottas,15,3.085,7.0,0,0.0,0.05,11,jolpica_real
2022,8,baku,albon,17,3.36,13.2,0,0.0,0.05,12,jolpica_real
2022,8,baku,tsunoda,8,1.697,12.2,0,0.098,0.05,13,jolpica_real
2022,8,baku,mick_schumacher,20,4.416,15.6,0,0.0,0.05,14,jolpica_real
2022,8,baku,latifi,18,4.008,15.4,0,0.0,0.05,15,jolpica_real
2022,8,baku,stroll,19,4.012,12.2,0,0.0784,0.05,16,jolpica_real
2022,8,baku,kevin_magnussen,16,3.284,15.2,0,0.0,0.05,17,jolpica_real
2022,8,baku,zhou,14,2.431,16.2,0,0.0,0.05,18,jolpica_real
2022,8,baku,leclerc,1,0.0,6.6,0,0.0,0.05,19,jolpica_real
2022,8,baku,sainz,4,0.455,9.8,0,0.0,0.05,20,jolpica_real
2022,9,villeneuve,max_verstappen,1,0.0,1.4,0,0.2451,0.05,1,jolpica_real
2022,9,villeneuve,sainz,3,0.797,9.8,0,0.2843,0.05,2,jolpica_real
2022,9,villeneuve,hamilton,4,1.592,7.2,0,0.2647,0.05,3,jolpica_real
2022,9,villeneuve,russell,8,2.258,4.0,0,0.2647,0.05,4,jolpica_real
2022,9,villeneuve,leclerc,19,11.709,10.2,0,0.2843,0.05,5,jolpica_real
2022,9,villeneuve,ocon,7,2.23,10.2,0,0.098,0.05,6,jolpica_real
2022,9,villeneuve,bottas,11,5.489,7.6,0,0.098,0.05,7,jolpica_real
2022,9,villeneuve,zhou,10,2.731,17.6,0,0.098,0.05,8,jolpica_real
2022,9,villeneuve,alonso,2,0.645,10.6,0,0.098,0.05,9,jolpica_real
2022,9,villeneuve,stroll,17,14.233,13.0,0,0.0098,0.05,10,jolpica_real
2022,9,villeneuve,ricciardo,9,2.45,12.8,0,0.0,0.05,11,jolpica_real
2022,9,villeneuve,vettel,16,13.213,10.4,0,0.0098,0.05,12,jolpica_real
2022,9,villeneuve,albon,12,5.559,13.6,0,0.0,0.05,13,jolpica_real
2022,9,villeneuve,gasly,15,13.193,11.8,0,0.0,0.05,14,jolpica_real
2022,9,villeneuve,norris,14,12.767,9.0,0,0.0,0.05,15,jolpica_real
2022,9,villeneuve,latifi,18,14.361,15.2,0,0.0,0.05,16,jolpica_real
2022,9,villeneuve,kevin_magnussen,5,1.661,15.8,0,0.0,0.05,17,jolpica_real
2022,9,villeneuve,tsunoda,20,15.276,11.8,0,0.0,0.05,18,jolpica_real
2022,9,villeneuve,mick_schumacher,6,2.057,15.8,0,0.0,0.05,19,jolpica_real
2022,9,villeneuve,perez,13,11.828,2.2,0,0.2451,0.05,20,jolpica_real
2022,10,silverstone,sainz,1,0.0,6.2,0,0.3627,0.05,1,jolpica_real
2022,10,silverstone,perez,4,0.633,5.8,0,0.2353,0.05,2,jolpica_real
2022,10,silverstone,hamilton,5,1.012,5.2,0,0.1569,0.05,3,jolpica_real
2022,10,silverstone,leclerc,3,0.315,10.0,0,0.3627,0.05,4,jolpica_real
2022,10,silverstone,alonso,7,1.133,8.6,0,0.098,0.05,5,jolpica_real
2022,10,silverstone,norris,6,1.101,11.4,0,0.0784,0.05,6,jolpica_real
2022,10,silverstone,max_verstappen,2,0.072,1.4,0,0.2353,0.05,7,jolpica_real
2022,10,silverstone,mick_schumacher,19,1.725,16.2,0,0.049,0.05,8,jolpica_real
2022,10,silverstone,vettel,18,1.683,11.2,0,0.0196,0.05,9,jolpica_real
2022,10,silverstone,kevin_magnussen,17,1.176,17.4,0,0.049,0.05,10,jolpica_real
2022,10,silverstone,stroll,20,2.447,13.0,0,0.0196,0.05,11,jolpica_real
2022,10,silverstone,latifi,10,22.112,15.2,0,0.0,0.05,12,jolpica_real
2022,10,silverstone,ricciardo,14,3.372,11.4,0,0.0784,0.05,13,jolpica_real
2022,10,silverstone,tsunoda,13,3.328,14.0,0,0.0,0.05,14,jolpica_real
2022,10,silverstone,ocon,15,4.207,8.6,0,0.098,0.05,15,jolpica_real
2022,10,silverstone,gasly,11,2.719,12.2,0,0.0,0.05,16,jolpica_real
2022,10,silverstone,bottas,12,3.249,8.0,0,0.0,0.05,17,jolpica_real
2022,10,silverstone,russell,8,1.178,4.0,0,0.1569,0.05,18,jolpica_real
2022,10,silverstone,zhou,9,1.736,16.2,0,0.0,0.05,19,jolpica_real
2022,10,silverstone,albon,16,1.095,14.0,0,0.0,0.05,20,jolpica_real
2022,11,red_bull_ring,leclerc,2,0.029,10.4,0,0.2451,0.05,1,jolpica_real
2022,11,red_bull_ring,max_verstappen,1,0.0,2.6,0,0.1863,0.05,2,jolpica_real
2022,11,red_bull_ring,hamilton,8,8.167,4.6,0,0.2647,0.05,3,jolpica_real
2022,11,red_bull_ring,russell,4,0.447,6.6,0,0.2647,0.05,4,jolpica_real
2022,11,red_bull_ring,ocon,6,0.742,10.0,0,0.1078,0.05,5,jolpica_real
2022,11,red_bull_ring,mick_schumacher,9,1.027,14.8,0,0.1176,0.05,6,jolpica_real
2022,11,red_bull_ring,norris,10,20.863,8.8,0,0.0784,0.05,7,jolpica_real
2022,11,red_bull_ring,kevin_magnussen,7,0.895,16.2,0,0.1176,0.05,8,jolpica_real
2022,11,red_bull_ring,ricciardo,11,1.629,11.4,0,0.0784,0.05,9,jolpica_real
2022,11,red_bull_ring,alonso,19,1.119,7.4,0,0.1078,0.05,10,jolpica_real
2022,11,red_bull_ring,bottas,20,1.335,10.0,0,0.0,0.05,11,jolpica_real
2022,11,red_bull_ring,albon,15,1.246,16.2,0,0.0,0.05,12,jolpica_real
2022,11,red_bull_ring,stroll,12,1.863,13.2,0,0.0,0.05,13,jolpica_real
2022,11,red_bull_ring,zhou,13,1.917,16.0,0,0.0,0.05,14,jolpica_real
2022,11,red_bull_ring,gasly,14,1.176,11.8,0,0.0,0.05,15,jolpica_real
2022,11,red_bull_ring,tsunoda,16,1.867,14.4,0,0.0,0.05,16,jolpica_real
2022,11,red_bull_ring,vettel,18,2.099,9.6,0,0.0,0.05,17,jolpica_real
2022,11,red_bull_ring,sainz,3,0.082,5.8,0,0.2451,0.05,18,jolpica_real
2022,11,red_bull_ring,latifi,17,2.019,14.8,0,0.0,0.05,19,jolpica_real
2022,11,red_bull_ring,perez,5,1.474,5.4,0,0.1863,0.05,20,jolpica_real
2022,12,ricard,max_verstappen,2,0.304,2.8,0,0.3627,0.05,1,jolpica_real
2022,12,ricard,hamilton,4,0.893,4.2,0,0.3235,0.05,2,jolpica_real
2022,12,ricard,russell,6,1.259,6.8,0,0.3235,0.05,3,jolpica_real
2022,12,ricard,perez,3,0.463,9.0,0,0.3627,0.05,4,jolpica_real
2022,12,ricard,sainz,19,0.209,8.6,0,0.1078,0.05,5,jolpica_real
2022,12,ricard,alonso,7,1.68,7.6,0,0.1176,0.05,6,jolpica_real
2022,12,ricard,norris,5,1.16,8.6,0,0.0784,0.05,7,jolpica_real
2022,12,ricard,ocon,10,2.176,9.6,0,0.1176,0.05,8,jolpica_real
2022,12,ricard,ricciardo,9,2.05,10.8,0,0.0784,0.05,9,jolpica_real
2022,12,ricard,stroll,15,2.567,12.8,0,0.0098,0.05,10,jolpica_real
2022,12,ricard,vettel,12,2.404,10.8,0,0.0098,0.05,11,jolpica_real
2022,12,ricard,gasly,14,2.567,12.2,0,0.0,0.05,12,jolpica_real
2022,12,ricard,albon,13,2.435,15.0,0,0.0,0.05,13,jolpica_real
2022,12,ricard,bottas,11,2.18,11.0,0,0.0,0.05,14,jolpica_real
2022,12,ricard,mick_schumacher,17,2.829,13.2,0,0.0,0.05,15,jolpica_real
2022,12,ricard,zhou,16,2.802,15.0,0,0.0,0.05,16,jolpica_real
2022,12,ricard,latifi,18,2.922,15.4,0,0.0,0.05,17,jolpica_real
2022,12,ricard,kevin_magnussen,20,1.777,14.4,0,0.0,0.05,18,jolpica_real
2022,12,ricard,leclerc,1,0.0,6.6,0,0.1078,0.05,19,jolpica_real
2022,12,ricard,tsunoda,8,1.908,15.6,0,0.0,0.05,20,jolpica_real
2022,13,hungaroring,max_verstappen,10,1.446,2.4,0,0.3431,0.05,1,jolpica_real
2022,13,hungaroring,hamilton,7,0.765,3.0,0,0.3333,0.05,2,jolpica_real
2022,13,hungaroring,russell,1,0.0,6.4,0,0.3333,0.05,3,jolpica_real
2022,13,hungaroring,sainz,2,0.044,9.2,0,0.1961,0.05,4,jolpica_real
2022,13,hungaroring,perez,11,1.139,9.6,0,0.3431,0.05,5,jolpica_real
2022,13,hungaroring,leclerc,3,0.19,9.6,0,0.1961,0.05,6,jolpica_real
2022,13,hungaroring,norris,4,0.392,8.8,0,0.0588,0.05,7,jolpica_real
2022,13,hungaroring,alonso,6,0.701,7.4,0,0.0588,0.05,8,jolpica_real
2022,13,hungaroring,ocon,5,0.641,8.8,0,0.0588,0.05,9,jolpica_real
2022,13,hungaroring,vettel,18,1.896,11.0,0,0.0098,0.05,10,jolpica_real
2022,13,hungaroring,stroll,14,1.76,12.0,0,0.0098,0.05,11,jolpica_real
2022,13,hungaroring,gasly,20,2.15,12.4,0,0.0,0.05,12,jolpica_real
2022,13,hungaroring,zhou,12,1.196,15.0,0,0.0,0.05,13,jolpica_real
2022,13,hungaroring,mick_schumacher,15,1.825,12.4,0,0.0,0.05,14,jolpica_real
2022,13,hungaroring,ricciardo,9,1.002,10.0,0,0.0588,0.05,15,jolpica_real
2022,13,hungaroring,kevin_magnussen,13,1.448,14.0,0,0.0,0.05,16,jolpica_real
2022,13,hungaroring,albon,17,1.879,14.0,0,0.0,0.05,17,jolpica_real
2022,13,hungaroring,latifi,19,2.193,15.8,0,0.0,0.05,18,jolpica_real
2022,13,hungaroring,tsunoda,16,1.863,16.2,0,0.0,0.05,19,jolpica_real
2022,13,hungaroring,bottas,8,0.78,12.0,0,0.0,0.05,20,jolpica_real
2022,14,spa,max_verstappen,14,0.0,2.4,0,0.4314,0.05,1,jolpica_real
2022,14,spa,perez,2,0.797,10.2,0,0.4314,0.05,2,jolpica_real
2022,14,spa,sainz,1,0.632,6.0,0,0.2255,0.05,3,jolpica_real
2022,14,spa,russell,5,2.111,6.4,0,0.1176,0.05,4,jolpica_real
2022,14,spa,alonso,3,1.703,7.6,0,0.1569,0.05,5,jolpica_real
2022,14,spa,leclerc,15,0.888,7.0,0,0.2255,0.05,6,jolpica_real
2022,14,spa,ocon,16,1.515,8.6,0,0.1569,0.05,7,jolpica_real
2022,14,spa,vettel,10,2.679,11.8,0,0.0392,0.05,8,jolpica_real
2022,14,spa,gasly,20,2.162,13.8,0,0.0196,0.05,9,jolpica_real
2022,14,spa,albon,6,2.172,15.0,0,0.0098,0.05,10,jolpica_real
2022,14,spa,stroll,9,2.946,11.0,0,0.0392,0.05,11,jolpica_real
2022,14,spa,norris,17,2.513,8.4,0,0.0,0.05,12,jolpica_real
2022,14,spa,tsunoda,20,3.027,17.4,0,0.0196,0.05,13,jolpica_real
2022,14,spa,zhou,18,2.42,14.0,0,0.0,0.05,14,jolpica_real
2022,14,spa,ricciardo,7,2.102,11.4,0,0.0,0.05,15,jolpica_real
2022,14,spa,kevin_magnussen,12,2.892,13.8,0,0.0,0.05,16,jolpica_real
2022,14,spa,mick_schumacher,19,4.053,12.4,0,0.0,0.05,17,jolpica_real
2022,14,spa,latifi,11,2.736,16.4,0,0.0098,0.05,18,jolpica_real
2022,14,spa,bottas,13,4.201,13.8,0,0.0,0.05,19,jolpica_real
2022,14,spa,hamilton,4,1.838,2.6,0,0.1176,0.05,20,jolpica_real
2022,15,zandvoort,max_verstappen,1,0.0,2.4,0,0.3529,0.05,1,jolpica_real
2022,15,zandvoort,russell,6,0.805,6.4,0,0.2941,0.05,2,jolpica_real
2022,15,zandvoort,leclerc,2,0.021,7.2,0,0.1863,0.05,3,jolpica_real
2022,15,zandvoort,hamilton,4,0.306,6.0,0,0.2941,0.05,4,jolpica_real
2022,15,zandvoort,perez,5,0.735,6.6,0,0.3529,0.05,5,jolpica_real
2022,15,zandvoort,alonso,13,1.271,6.8,0,0.098,0.05,6,jolpica_real
2022,15,zandvoort,norris,7,0.832,7.8,0,0.0588,0.05,7,jolpica_real
2022,15,zandvoort,sainz,3,0.092,6.2,0,0.1863,0.05,8,jolpica_real
2022,15,zandvoort,ocon,12,1.263,8.8,0,0.098,0.05,9,jolpica_real
2022,15,zandvoort,stroll,10,1.074,11.2,0,0.0098,0.05,10,jolpica_real
2022,15,zandvoort,gasly,11,1.17,12.8,0,0.0,0.05,11,jolpica_real
2022,15,zandvoort,albon,15,1.46,14.4,0,0.0,0.05,12,jolpica_real
2022,15,zandvoort,mick_schumacher,8,1.1,12.0,0,0.0,0.05,13,jolpica_real
2022,15,zandvoort,vettel,19,2.049,11.0,0,0.0098,0.05,14,jolpica_real
2022,15,zandvoort,kevin_magnussen,18,1.977,13.6,0,0.0,0.05,15,jolpica_real
2022,15,zandvoort,zhou,14,1.362,15.2,0,0.0,0.05,16,jolpica_real
2022,15,zandvoort,ricciardo,17,1.739,12.2,0,0.0588,0.05,17,jolpica_real
2022,15,zandvoort,latifi,20,3.011,16.8,0,0.0,0.05,18,jolpica_real
2022,15,zandvoort,bottas,16,1.619,16.2,0,0.0,0.05,19,jolpica_real
2022,15,zandvoort,tsunoda,9,2.214,16.4,0,0.0,0.05,20,jolpica_real
2022,16,monza,max_verstappen,7,0.145,1.2,0,0.3333,0.05,1,jolpica_real
2022,16,monza,leclerc,1,0.0,7.0,0,0.2941,0.05,2,jolpica_real
2022,16,monza,russell,2,1.381,3.2,0,0.2451,0.05,3,jolpica_real
2022,16,monza,sainz,18,0.268,7.6,0,0.2941,0.05,4,jolpica_real
2022,16,monza,hamilton,19,1.363,6.2,0,0.2451,0.05,5,jolpica_real
2022,16,monza,perez,13,1.045,7.2,0,0.3333,0.05,6,jolpica_real
2022,16,monza,norris,3,1.423,8.0,0,0.0588,0.05,7,jolpica_real
2022,16,monza,gasly,5,2.487,11.8,0,0.0392,0.05,8,jolpica_real
2022,16,monza,de_vries,8,2.31,8.0,0,0.0196,0.05,9,jolpica_real
2022,16,monza,zhou,9,2.416,14.6,0,0.0098,0.05,10,jolpica_real
2022,16,monza,ocon,14,1.969,7.6,0,0.0,0.05,11,jolpica_real
2022,16,monza,mick_schumacher,17,2.844,13.0,0,0.0,0.05,12,jolpica_real
2022,16,monza,bottas,15,2.074,16.6,0,0.0098,0.05,13,jolpica_real
2022,16,monza,tsunoda,20,1.859,17.6,0,0.0392,0.05,14,jolpica_real
2022,16,monza,latifi,10,2.426,18.0,0,0.0196,0.05,15,jolpica_real
2022,16,monza,kevin_magnussen,16,2.747,14.6,0,0.0,0.05,16,jolpica_real
2022,16,monza,ricciardo,4,1.764,13.0,0,0.0588,0.05,17,jolpica_real
2022,16,monza,stroll,12,2.587,11.0,0,0.0,0.05,18,jolpica_real
2022,16,monza,alonso,6,1.7,7.0,0,0.0,0.05,19,jolpica_real
2022,16,monza,vettel,11,2.475,12.0,0,0.0,0.05,20,jolpica_real
2022,17,marina_bay,perez,2,0.022,4.4,0,0.3069,0.05,1,jolpica_real
2022,17,marina_bay,leclerc,1,0.0,7.2,0,0.3267,0.05,2,jolpica_real
2022,17,marina_bay,sainz,4,0.171,4.8,0,0.3267,0.05,3,jolpica_real
2022,17,marina_bay,norris,6,1.172,8.0,0,0.2178,0.05,4,jolpica_real
2022,17,marina_bay,ricciardo,16,6.814,14.6,0,0.2178,0.05,5,jolpica_real
2022,17,marina_bay,stroll,11,4.799,12.0,0,0.1188,0.05,6,jolpica_real
2022,17,marina_bay,max_verstappen,8,1.983,1.0,0,0.3069,0.05,7,jolpica_real
2022,17,marina_bay,vettel,13,4.968,12.6,0,0.1188,0.05,8,jolpica_real
2022,17,marina_bay,hamilton,3,0.054,6.6,0,0.0198,0.05,9,jolpica_real
2022,17,marina_bay,gasly,7,1.799,10.4,0,0.0099,0.05,10,jolpica_real
2022,17,marina_bay,bottas,15,6.671,17.0,0,0.0,0.05,11,jolpica_real
2022,17,marina_bay,kevin_magnussen,9,2.161,16.2,0,0.0,0.05,12,jolpica_real
2022,17,marina_bay,mick_schumacher,12,4.958,14.2,0,0.0,0.05,13,jolpica_real
2022,17,marina_bay,russell,20,4.6,3.0,0,0.0198,0.05,14,jolpica_real
2022,17,marina_bay,tsunoda,10,2.571,17.2,0,0.0099,0.05,15,jolpica_real
2022,17,marina_bay,ocon,17,6.925,8.8,0,0.0,0.05,16,jolpica_real
2022,17,marina_bay,albon,18,7.573,12.8,0,0.0,0.05,17,jolpica_real
2022,17,marina_bay,alonso,5,0.554,8.8,0,0.0,0.05,18,jolpica_real
2022,17,marina_bay,latifi,19,8.12,17.2,0,0.0,0.05,19,jolpica_real
2022,17,marina_bay,zhou,14,6.106,13.8,0,0.0,0.05,20,jolpica_real
2022,18,suzuka,max_verstappen,1,0.0,2.2,0,0.4257,0.05,1,jolpica_real
2022,18,suzuka,perez,4,0.405,3.8,0,0.4257,0.05,2,jolpica_real
2022,18,suzuka,leclerc,2,0.01,3.8,0,0.1485,0.05,3,jolpica_real
2022,18,suzuka,ocon,5,0.861,10.4,0,0.1782,0.05,4,jolpica_real
2022,18,suzuka,hamilton,6,0.957,8.0,0,0.1386,0.05,5,jolpica_real
2022,18,suzuka,vettel,9,1.25,12.0,0,0.0792,0.05,6,jolpica_real
2022,18,suzuka,alonso,7,1.018,11.2,0,0.1782,0.05,7,jolpica_real
2022,18,suzuka,russell,8,1.085,5.2,0,0.1386,0.05,8,jolpica_real
2022,18,suzuka,latifi,20,2.207,17.6,0,0.0198,0.05,9,jolpica_real
2022,18,suzuka,norris,10,1.699,7.4,0,0.0099,0.05,10,jolpica_real
2022,18,suzuka,ricciardo,11,1.355,13.8,0,0.0099,0.05,11,jolpica_real
2022,18,suzuka,stroll,19,2.115,11.2,0,0.0792,0.05,12,jolpica_real
2022,18,suzuka,tsunoda,13,1.504,16.2,0,0.0,0.05,13,jolpica_real
2022,18,suzuka,kevin_magnussen,18,2.048,15.0,0,0.0,0.05,14,jolpica_real
2022,18,suzuka,bottas,12,1.405,16.4,0,0.0,0.05,15,jolpica_real
2022,18,suzuka,zhou,14,1.649,14.6,0,0.0,0.05,16,jolpica_real
2022,18,suzuka,mick_schumacher,15,2.135,13.8,0,0.0,0.05,17,jolpica_real
2022,18,suzuka,gasly,17,2.018,10.0,0,0.0,0.05,18,jolpica_real
2022,18,suzuka,sainz,3,0.057,4.4,0,0.1485,0.05,19,jolpica_real
2022,18,suzuka,albon,16,2.007,13.8,0,0.0198,0.05,20,jolpica_real
2022,19,americas,max_verstappen,2,0.092,2.2,0,0.3627,0.05,1,jolpica_real
2022,19,americas,hamilton,3,0.591,8.6,0,0.2843,0.05,2,jolpica_real
2022,19,americas,leclerc,12,0.065,3.2,0,0.1471,0.05,3,jolpica_real
2022,19,americas,perez,9,0.289,3.2,0,0.3627,0.05,4,jolpica_real
2022,19,americas,russell,4,0.632,6.2,0,0.2843,0.05,5,jolpica_real
2022,19,americas,norris,6,1.334,8.0,0,0.0784,0.05,6,jolpica_real
2022,19,americas,alonso,14,1.52,11.0,0,0.0588,0.05,7,jolpica_real
2022,19,americas,vettel,10,2.042,11.2,0,0.0392,0.05,8,jolpica_real
2022,19,americas,kevin_magnussen,13,2.593,14.6,0,0.0196,0.05,9,jolpica_real
2022,19,americas,tsunoda,19,2.791,15.0,0,0.0098,0.05,10,jolpica_real
2022,19,americas,ocon,20,2.712,9.4,0,0.0588,0.05,11,jolpica_real
2022,19,americas,zhou,18,2.614,15.2,0,0.0,0.05,12,jolpica_real
2022,19,americas,albon,8,2.012,15.2,0,0.0,0.05,13,jolpica_real
2022,19,americas,gasly,11,2.384,11.2,0,0.0098,0.05,14,jolpica_real
2022,19,americas,mick_schumacher,16,2.755,14.4,0,0.0196,0.05,15,jolpica_real
2022,19,americas,ricciardo,15,2.69,13.0,0,0.0784,0.05,16,jolpica_real
2022,19,americas,latifi,17,2.888,15.8,0,0.0,0.05,17,jolpica_real
2022,19,americas,stroll,5,1.242,11.4,0,0.0392,0.05,18,jolpica_real
2022,19,americas,bottas,7,1.963,15.4,0,0.0,0.05,19,jolpica_real
2022,19,americas,sainz,1,0.0,7.4,0,0.1471,0.05,20,jolpica_real
2022,20,rodriguez,max_verstappen,1,0.0,2.2,0,0.3922,0.05,1,jolpica_real
2022,20,rodriguez,hamilton,3,0.309,5.0,0,0.3039,0.05,2,jolpica_real
2022,20,rodriguez,perez,4,0.353,3.6,0,0.3922,0.05,3,jolpica_real
2022,20,rodriguez,russell,2,0.304,6.4,0,0.3039,0.05,4,jolpica_real
2022,20,rodriguez,sainz,5,0.576,10.8,0,0.1765,0.05,5,jolpica_real
2022,20,rodriguez,leclerc,7,0.78,2.6,0,0.1765,0.05,6,jolpica_real
2022,20,rodriguez,ricciardo,11,1.55,13.2,0,0.0784,0.05,7,jolpica_real
2022,20,rodriguez,ocon,10,1.235,10.2,0,0.0392,0.05,8,jolpica_real
2022,20,rodriguez,norris,8,0.946,6.8,0,0.0784,0.05,9,jolpica_real
2022,20,rodriguez,bottas,6,0.626,15.4,0,0.0098,0.05,10,jolpica_real
2022,20,rodriguez,gasly,14,1.897,12.2,0,0.0,0.05,11,jolpica_real
2022,20,rodriguez,albon,17,3.084,14.4,0,0.0,0.05,12,jolpica_real
2022,20,rodriguez,zhou,12,1.701,14.8,0,0.0098,0.05,13,jolpica_real
2022,20,rodriguez,vettel,16,2.644,11.2,0,0.0,0.05,14,jolpica_real
2022,20,rodriguez,stroll,20,2.745,12.8,0,0.0,0.05,15,jolpica_real
2022,20,rodriguez,mick_schumacher,15,2.644,14.0,0,0.0,0.05,16,jolpica_real
2022,20,rodriguez,kevin_magnussen,19,2.058,13.2,0,0.0,0.05,17,jolpica_real
2022,20,rodriguez,latifi,18,3.392,15.6,0,0.0,0.05,18,jolpica_real
2022,20,rodriguez,alonso,9,1.164,11.4,0,0.0392,0.05,19,jolpica_real
2022,20,rodriguez,tsunoda,13,1.814,14.4,0,0.0,0.05,20,jolpica_real
2022,21,interlagos,russell,1,1.109,6.8,0,0.4314,0.05,1,jolpica_real
2022,21,interlagos,hamilton,2,1.661,4.6,0,0.4314,0.05,2,jolpica_real
2022,21,interlagos,sainz,7,1.407,10.2,0,0.2647,0.05,3,jolpica_real
2022,21,interlagos,leclerc,5,0.0,3.2,0,0.2647,0.05,4,jolpica_real
2022,21,interlagos,alonso,17,1.554,14.0,0,0.1373,0.05,5,jolpica_real
2022,21,interlagos,max_verstappen,3,0.927,2.2,0,0.1373,0.05,6,jolpica_real
2022,21,interlagos,perez,4,4.651,3.2,0,0.1373,0.05,7,jolpica_real
2022,21,interlagos,ocon,16,1.475,10.0,0,0.1373,0.05,8,jolpica_real
2022,21,interlagos,bottas,14,4.536,13.6,0,0.0196,0.05,9,jolpica_real
2022,21,interlagos,stroll,15,1.26,13.8,0,0.0098,0.05,10,jolpica_real
2022,21,interlagos,vettel,9,0.728,11.2,0,0.0098,0.05,11,jolpica_real
2022,21,interlagos,zhou,13,4.247,14.2,0,0.0196,0.05,12,jolpica_real
2022,21,interlagos,mick_schumacher,12,5.411,14.6,0,0.0,0.05,13,jolpica_real
2022,21,interlagos,gasly,10,0.725,12.2,0,0.0,0.05,14,jolpica_real
2022,21,interlagos,albon,19,0.681,14.8,0,0.0,0.05,15,jolpica_real
2022,21,interlagos,latifi,18,4.145,15.6,0,0.0,0.05,16,jolpica_real
2022,21,interlagos,tsunoda,20,5.314,14.4,0,0.0,0.05,17,jolpica_real
2022,21,interlagos,norris,6,1.313,7.2,0,0.0,0.05,18,jolpica_real
2022,21,interlagos,kevin_magnussen,8,0.724,13.6,0,0.0,0.05,19,jolpica_real
2022,21,interlagos,ricciardo,11,1.19,11.2,0,0.0,0.05,20,jolpica_real
2022,22,yas_marina,max_verstappen,1,0.0,3.2,0,0.3922,0.05,1,jolpica_real
2022,22,yas_marina,leclerc,3,0.268,3.6,0,0.2941,0.05,2,jolpica_real
2022,22,yas_marina,perez,2,0.228,3.4,0,0.3922,0.05,3,jolpica_real
2022,22,yas_marina,sainz,4,0.418,10.0,0,0.2941,0.05,4,jolpica_real
2022,22,yas_marina,russell,6,0.687,6.4,0,0.098,0.05,5,jolpica_real
2022,22,yas_marina,norris,7,0.945,9.4,0,0.1078,0.05,6,jolpica_real
2022,22,yas_marina,ocon,8,1.006,9.4,0,0.0588,0.05,7,jolpica_real
2022,22,yas_marina,stroll,14,1.535,12.2,0,0.049,0.05,8,jolpica_real
2022,22,yas_marina,ricciardo,13,1.221,11.8,0,0.1078,0.05,9,jolpica_real
2022,22,yas_marina,vettel,9,1.137,9.4,0,0.049,0.05,10,jolpica_real
2022,22,yas_marina,tsunoda,11,1.395,15.0,0,0.0,0.05,11,jolpica_real
2022,22,yas_marina,zhou,15,1.584,14.6,0,0.0,0.05,12,jolpica_real
2022,22,yas_marina,albon,19,2.204,15.4,0,0.0,0.05,13,jolpica_real
2022,22,yas_marina,gasly,17,2.035,13.4,0,0.0,0.05,14,jolpica_real
2022,22,yas_marina,bottas,18,2.068,12.8,0,0.0,0.05,15,jolpica_real
2022,22,yas_marina,mick_schumacher,12,1.401,14.8,0,0.0,0.05,16,jolpica_real
2022,22,yas_marina,kevin_magnussen,16,2.01,14.2,0,0.0,0.05,17,jolpica_real
2022,22,yas_marina,hamilton,5,0.684,4.0,0,0.098,0.05,18,jolpica_real
2022,22,yas_marina,latifi,20,2.23,15.8,0,0.0,0.05,19,jolpica_real
2022,22,yas_marina,alonso,10,1.272,11.2,0,0.0588,0.05,20,jolpica_real
2023,1,bahrain,max_verstappen,1,0.0,2.0,1,0.4257,0.05,1,jolpica_real
2023,1,bahrain,perez,2,0.138,3.8,1,0.4257,0.05,2,jolpica_real
2023,1,bahrain,alonso,5,0.628,11.6,1,0.2277,0.05,3,jolpica_real
2023,1,bahrain,sainz,4,0.446,10.2,1,0.1188,0.05,4,jolpica_real
2023,1,bahrain,hamilton,7,0.676,5.8,1,0.1584,0.05,5,jolpica_real
2023,1,bahrain,stroll,8,1.128,12.6,1,0.2277,0.05,6,jolpica_real
2023,1,bahrain,russell,6,0.632,4.6,1,0.1584,0.05,7,jolpica_real
2023,1,bahrain,bottas,12,1.735,13.6,1,0.0396,0.05,8,jolpica_real
2023,1,bahrain,gasly,20,2.473,14.2,1,0.0198,0.05,9,jolpica_real
2023,1,bahrain,albon,15,1.753,14.6,1,0.0099,0.05,10,jolpica_real
2023,1,bahrain,tsunoda,14,2.802,14.2,1,0.0,0.05,11,jolpica_real
2023,1,bahrain,sargeant,16,1.944,16.0,0,0.0099,0.05,12,jolpica_real
2023,1,bahrain,kevin_magnussen,17,2.184,15.2,1,0.0,0.05,13,jolpica_real
2023,1,bahrain,de_vries,19,2.413,9.0,0,0.0,0.05,14,jolpica_real
2023,1,bahrain,hulkenberg,10,1.101,14.5,1,0.0,0.05,15,jolpica_real
2023,1,bahrain,zhou,13,1.765,13.0,1,0.0396,0.05,16,jolpica_real
2023,1,bahrain,norris,11,1.673,9.8,1,0.0,0.05,17,jolpica_real
2023,1,bahrain,ocon,9,1.276,7.6,1,0.0198,0.05,18,jolpica_real
2023,1,bahrain,leclerc,3,0.292,3.6,1,0.1188,0.05,19,jolpica_real
2023,1,bahrain,piastri,18,2.393,18.0,0,0.0,0.05,20,jolpica_real
2023,2,jeddah,perez,1,0.0,3.8,1,0.4314,0.05,1,jolpica_real
2023,2,jeddah,max_verstappen,15,21.688,2.0,1,0.4314,0.05,2,jolpica_real
2023,2,jeddah,alonso,2,0.465,10.8,1,0.1471,0.05,3,jolpica_real
2023,2,jeddah,russell,3,0.592,4.4,1,0.2157,0.05,4,jolpica_real
2023,2,jeddah,hamilton,7,0.958,5.8,1,0.2157,0.05,5,jolpica_real
2023,2,jeddah,sainz,4,0.666,7.2,1,0.1373,0.05,6,jolpica_real
2023,2,jeddah,leclerc,12,0.155,6.8,1,0.1373,0.05,7,jolpica_real
2023,2,jeddah,ocon,6,0.813,10.4,1,0.0588,0.05,8,jolpica_real
2023,2,jeddah,gasly,9,1.092,12.4,1,0.0588,0.05,9,jolpica_real
2023,2,jeddah,kevin_magnussen,13,1.369,15.0,1,0.0098,0.05,10,jolpica_real
2023,2,jeddah,tsunoda,16,1.674,13.8,1,0.0,0.05,11,jolpica_real
2023,2,jeddah,hulkenberg,10,1.186,14.67,1,0.0098,0.05,12,jolpica_real
2023,2,jeddah,zhou,11,1.196,13.0,1,0.0,0.05,13,jolpica_real
2023,2,jeddah,de_vries,18,1.979,11.5,0,0.0,0.05,14,jolpica_real
2023,2,jeddah,piastri,8,0.978,20.0,0,0.0,0.05,15,jolpica_real
2023,2,jeddah,sargeant,20,40.245,12.0,0,0.0,0.05,16,jolpica_real
2023,2,jeddah,norris,19,2.182,11.2,1,0.0,0.05,17,jolpica_real
2023,2,jeddah,bottas,14,1.403,12.2,1,0.0,0.05,18,jolpica_real
2023,2,jeddah,albon,17,1.729,12.6,1,0.0,0.05,19,jolpica_real
2023,2,jeddah,stroll,5,0.68,11.4,1,0.1471,0.05,20,jolpica_real
2023,3,albert_park,max_verstappen,1,0.0,2.2,1,0.3529,0.05,1,jolpica_real
2023,3,albert_park,hamilton,3,0.372,6.4,1,0.1765,0.05,2,jolpica_real
2023,3,albert_park,alonso,4,0.407,10.0,1,0.2647,0.05,3,jolpica_real
2023,3,albert_park,stroll,6,0.576,11.8,1,0.2647,0.05,4,jolpica_real
2023,3,albert_park,perez,20,1.2,3.2,1,0.3529,0.05,5,jolpica_real
2023,3,albert_park,norris,13,1.387,13.4,1,0.1176,0.05,6,jolpica_real
2023,3,albert_park,hulkenberg,10,1.003,14.0,0,0.0588,0.05,7,jolpica_real
2023,3,albert_park,piastri,16,1.785,17.5,0,0.1176,0.05,8,jolpica_real
2023,3,albert_park,zhou,17,1.808,13.2,1,0.0196,0.05,9,jolpica_real
2023,3,albert_park,tsunoda,12,1.367,14.0,1,0.0098,0.05,10,jolpica_real
2023,3,albert_park,bottas,19,1.982,12.0,1,0.0196,0.05,11,jolpica_real
2023,3,albert_park,sainz,5,0.538,4.4,1,0.0,0.05,12,jolpica_real
2023,3,albert_park,gasly,9,0.943,11.4,1,0.0,0.05,13,jolpica_real
2023,3,albert_park,ocon,11,1.036,9.8,1,0.0,0.05,14,jolpica_real
2023,3,albert_park,de_vries,15,1.603,12.33,0,0.0098,0.05,15,jolpica_real
2023,3,albert_park,sargeant,18,1.825,14.0,0,0.0,0.05,16,jolpica_real
2023,3,albert_park,kevin_magnussen,14,1.397,15.2,1,0.0588,0.05,17,jolpica_real
2023,3,albert_park,russell,2,0.236,4.2,1,0.1765,0.05,18,jolpica_real
2023,3,albert_park,albon,8,0.877,13.8,1,0.0,0.05,19,jolpica_real
2023,3,albert_park,leclerc,7,0.637,7.6,1,0.0,0.05,20,jolpica_real
2023,4,baku,perez,3,0.292,3.6,1,0.4216,0.05,1,jolpica_real
2023,4,baku,max_verstappen,2,0.188,2.2,1,0.4216,0.05,2,jolpica_real
2023,4,baku,leclerc,1,0.0,10.4,1,0.2451,0.05,3,jolpica_real
2023,4,baku,alonso,6,1.05,6.8,1,0.1765,0.05,4,jolpica_real
2023,4,baku,sainz,4,0.813,5.8,1,0.2451,0.05,5,jolpica_real
2023,4,baku,hamilton,5,0.974,6.4,1,0.1275,0.05,6,jolpica_real
2023,4,baku,stroll,9,1.408,9.6,1,0.1765,0.05,7,jolpica_real
2023,4,baku,russell,11,1.451,7.0,1,0.1275,0.05,8,jolpica_real
2023,4,baku,norris,7,1.078,12.8,1,0.0196,0.05,9,jolpica_real
2023,4,baku,tsunoda,8,1.378,12.0,1,0.0098,0.05,10,jolpica_real
2023,4,baku,piastri,10,1.408,14.33,0,0.0196,0.05,11,jolpica_real
2023,4,baku,albon,12,1.615,15.2,1,0.0,0.05,12,jolpica_real
2023,4,baku,kevin_magnussen,16,3.214,15.2,1,0.0,0.05,13,jolpica_real
2023,4,baku,gasly,17,4.65,11.8,1,0.0,0.05,14,jolpica_real
2023,4,baku,ocon,19,1.595,11.0,1,0.0,0.05,15,jolpica_real
2023,4,baku,sargeant,14,2.192,14.67,0,0.0,0.05,16,jolpica_real
2023,4,baku,hulkenberg,20,2.552,12.6,0,0.0,0.05,17,jolpica_real
2023,4,baku,bottas,13,2.056,12.2,1,0.0,0.05,18,jolpica_real
2023,4,baku,zhou,15,2.439,12.4,1,0.0,0.05,19,jolpica_real
2023,4,baku,de_vries,18,15.079,13.0,0,0.0098,0.05,20,jolpica_real
2023,5,miami,max_verstappen,9,0.0,1.4,1,0.4314,0.05,1,jolpica_real
2023,5,miami,perez,1,0.027,2.4,1,0.4314,0.05,2,jolpica_real
2023,5,miami,alonso,2,0.388,6.6,1,0.1471,0.05,3,jolpica_real
2023,5,miami,russell,6,0.99,8.4,1,0.1961,0.05,4,jolpica_real
2023,5,miami,sainz,3,0.535,6.2,1,0.1569,0.05,5,jolpica_real
2023,5,miami,hamilton,13,1.161,7.2,1,0.1961,0.05,6,jolpica_real
2023,5,miami,leclerc,7,1.047,10.2,1,0.1569,0.05,7,jolpica_real
2023,5,miami,gasly,5,0.972,11.8,1,0.0588,0.05,8,jolpica_real
2023,5,miami,ocon,8,1.121,12.4,1,0.0588,0.05,9,jolpica_real
2023,5,miami,kevin_magnussen,4,0.953,14.0,1,0.0098,0.05,10,jolpica_real
2023,5,miami,tsunoda,17,1.615,10.6,1,0.0,0.05,11,jolpica_real
2023,5,miami,stroll,18,1.662,9.0,1,0.1471,0.05,12,jolpica_real
2023,5,miami,bottas,10,0.75,14.0,1,0.0,0.05,13,jolpica_real
2023,5,miami,albon,11,0.981,14.6,1,0.0,0.05,14,jolpica_real
2023,5,miami,hulkenberg,12,1.089,12.6,0,0.0098,0.05,15,jolpica_real
2023,5,miami,zhou,14,1.277,13.8,1,0.0,0.05,16,jolpica_real
2023,5,miami,norris,16,1.58,11.0,1,0.0,0.05,17,jolpica_real
2023,5,miami,de_vries,15,1.581,14.4,0,0.0,0.05,18,jolpica_real
2023,5,miami,piastri,19,1.67,13.5,0,0.0,0.05,19,jolpica_real
2023,5,miami,sargeant,20,1.763,15.0,0,0.0,0.05,20,jolpica_real
2023,6,monaco,max_verstappen,1,0.0,1.4,1,0.2451,0.05,1,jolpica_real
2023,6,monaco,alonso,2,0.084,3.2,1,0.1765,0.05,2,jolpica_real
2023,6,monaco,ocon,3,0.188,12.8,1,0.2059,0.05,3,jolpica_real
2023,6,monaco,hamilton,5,0.36,4.8,1,0.2255,0.05,4,jolpica_real
2023,6,monaco,russell,8,0.599,8.2,1,0.2255,0.05,5,jolpica_real
2023,6,monaco,leclerc,6,0.106,11.2,1,0.1176,0.05,6,jolpica_real
2023,6,monaco,gasly,7,0.568,10.6,1,0.2059,0.05,7,jolpica_real
2023,6,monaco,sainz,4,0.265,6.4,1,0.1176,0.05,8,jolpica_real
2023,6,monaco,norris,10,0.889,13.2,1,0.0294,0.05,9,jolpica_real
2023,6,monaco,piastri,11,1.03,14.6,0,0.0294,0.05,10,jolpica_real
2023,6,monaco,bottas,15,1.26,13.6,1,0.0,0.05,11,jolpica_real
2023,6,monaco,de_vries,12,1.063,16.2,0,0.0,0.05,12,jolpica_real
2023,6,monaco,zhou,19,2.158,14.6,1,0.0,0.05,13,jolpica_real
2023,6,monaco,albon,13,1.162,14.8,1,0.0,0.05,14,jolpica_real
2023,6,monaco,tsunoda,9,0.717,10.6,1,0.0,0.05,15,jolpica_real
2023,6,monaco,perez,20,2.485,2.2,1,0.2451,0.05,16,jolpica_real
2023,6,monaco,hulkenberg,18,1.914,13.2,0,0.0,0.05,17,jolpica_real
2023,6,monaco,sargeant,16,1.748,16.0,0,0.0,0.05,18,jolpica_real
2023,6,monaco,kevin_magnussen,17,1.905,12.6,1,0.0,0.05,19,jolpica_real
2023,6,monaco,stroll,14,1.258,9.8,1,0.1765,0.05,20,jolpica_real
2023,7,catalunya,max_verstappen,1,0.0,1.4,1,0.3725,0.05,1,jolpica_real
2023,7,catalunya,hamilton,4,0.546,4.6,1,0.3235,0.05,2,jolpica_real
2023,7,catalunya,russell,12,1.175,7.8,1,0.3235,0.05,3,jolpica_real
2023,7,catalunya,perez,11,1.062,5.0,1,0.3725,0.05,4,jolpica_real
2023,7,catalunya,sainz,2,0.462,7.2,1,0.098,0.05,5,jolpica_real
2023,7,catalunya,stroll,5,0.722,12.6,1,0.1373,0.05,6,jolpica_real
2023,7,catalunya,alonso,8,1.235,3.0,1,0.1373,0.05,7,jolpica_real
2023,7,catalunya,ocon,6,0.811,9.8,1,0.049,0.05,8,jolpica_real
2023,7,catalunya,zhou,13,1.249,14.0,1,0.0196,0.05,9,jolpica_real
2023,7,catalunya,gasly,10,0.544,10.2,1,0.049,0.05,10,jolpica_real
2023,7,catalunya,leclerc,19,1.807,8.6,1,0.098,0.05,11,jolpica_real
2023,7,catalunya,tsunoda,15,2.205,11.4,1,0.0,0.05,12,jolpica_real
2023,7,catalunya,piastri,9,1.41,12.6,0,0.0,0.05,13,jolpica_real
2023,7,catalunya,de_vries,14,1.811,15.8,0,0.0,0.05,14,jolpica_real
2023,7,catalunya,hulkenberg,7,0.957,13.6,0,0.0,0.05,15,jolpica_real
2023,7,catalunya,albon,18,1.791,15.6,1,0.0,0.05,16,jolpica_real
2023,7,catalunya,norris,3,0.52,11.6,1,0.0,0.05,17,jolpica_real
2023,7,catalunya,kevin_magnussen,17,1.77,13.8,1,0.0,0.05,18,jolpica_real
2023,7,catalunya,bottas,16,1.705,14.2,1,0.0196,0.05,19,jolpica_real
2023,7,catalunya,sargeant,20,2.427,17.2,0,0.0,0.05,20,jolpica_real
2023,8,villeneuve,max_verstappen,1,7.133,1.2,1,0.3333,0.05,1,jolpica_real
2023,8,villeneuve,alonso,2,8.561,3.8,1,0.1961,0.05,2,jolpica_real
2023,8,villeneuve,hamilton,3,8.902,4.0,1,0.1471,0.05,3,jolpica_real
2023,8,villeneuve,leclerc,10,1.89,9.4,1,0.2157,0.05,4,jolpica_real
2023,8,villeneuve,sainz,11,10.569,7.0,1,0.2157,0.05,5,jolpica_real
2023,8,villeneuve,perez,12,2.234,5.6,1,0.3333,0.05,6,jolpica_real
2023,8,villeneuve,albon,9,0.0,15.0,1,0.0588,0.05,7,jolpica_real
2023,8,villeneuve,ocon,6,9.22,9.8,1,0.0392,0.05,8,jolpica_real
2023,8,villeneuve,stroll,16,2.759,9.8,1,0.1961,0.05,9,jolpica_real
2023,8,villeneuve,bottas,14,3.096,14.4,1,0.0098,0.05,10,jolpica_real
2023,8,villeneuve,piastri,8,12.624,12.2,0,0.0,0.05,11,jolpica_real
2023,8,villeneuve,gasly,15,4.161,10.4,1,0.0392,0.05,12,jolpica_real
2023,8,villeneuve,norris,7,9.321,11.6,1,0.0,0.05,13,jolpica_real
2023,8,villeneuve,tsunoda,19,4.021,11.6,1,0.0,0.05,14,jolpica_real
2023,8,villeneuve,hulkenberg,5,8.377,14.2,0,0.0,0.05,15,jolpica_real
2023,8,villeneuve,zhou,20,4.617,13.2,1,0.0098,0.05,16,jolpica_real
2023,8,villeneuve,kevin_magnussen,13,2.953,15.4,1,0.0,0.05,17,jolpica_real
2023,8,villeneuve,de_vries,17,4.412,15.8,0,0.0,0.05,18,jolpica_real
2023,8,villeneuve,russell,4,9.168,7.6,1,0.1471,0.05,19,jolpica_real
2023,8,villeneuve,sargeant,18,4.612,18.0,0,0.0588,0.05,20,jolpica_real
2023,9,red_bull_ring,max_verstappen,1,0.0,1.2,1,0.402,0.05,1,jolpica_real
2023,9,red_bull_ring,leclerc,2,0.048,6.2,1,0.2549,0.05,2,jolpica_real
2023,9,red_bull_ring,perez,15,62.297,5.8,1,0.402,0.05,3,jolpica_real
2023,9,red_bull_ring,norris,4,0.267,13.0,1,0.1176,0.05,4,jolpica_real
2023,9,red_bull_ring,alonso,7,0.52,3.6,1,0.1176,0.05,5,jolpica_real
2023,9,red_bull_ring,sainz,3,0.19,5.6,1,0.2549,0.05,6,jolpica_real
2023,9,red_bull_ring,russell,11,1.037,7.8,1,0.098,0.05,7,jolpica_real
2023,9,red_bull_ring,hamilton,5,0.428,4.2,1,0.098,0.05,8,jolpica_real
2023,9,red_bull_ring,stroll,6,0.502,10.8,1,0.1176,0.05,9,jolpica_real
2023,9,red_bull_ring,gasly,9,0.779,10.2,1,0.0098,0.05,10,jolpica_real
2023,9,red_bull_ring,albon,10,1.432,12.6,1,0.0,0.05,11,jolpica_real
2023,9,red_bull_ring,zhou,17,1.427,14.6,1,0.0,0.05,12,jolpica_real
2023,9,red_bull_ring,sargeant,18,1.557,18.8,0,0.0,0.05,13,jolpica_real
2023,9,red_bull_ring,ocon,12,1.062,8.6,1,0.0098,0.05,14,jolpica_real
2023,9,red_bull_ring,bottas,14,1.289,14.2,1,0.0,0.05,15,jolpica_real
2023,9,red_bull_ring,piastri,13,1.214,12.8,0,0.1176,0.05,16,jolpica_real
2023,9,red_bull_ring,de_vries,20,1.583,16.4,0,0.0,0.05,17,jolpica_real
2023,9,red_bull_ring,kevin_magnussen,19,1.58,15.4,1,0.0,0.05,18,jolpica_real
2023,9,red_bull_ring,tsunoda,16,1.393,12.4,1,0.0,0.05,19,jolpica_real
2023,9,red_bull_ring,hulkenberg,8,0.699,15.8,0,0.0,0.05,20,jolpica_real
2023,10,silverstone,max_verstappen,1,0.0,1.0,1,0.3333,0.05,1,jolpica_real
2023,10,silverstone,norris,2,0.241,12.0,1,0.2941,0.05,2,jolpica_real
2023,10,silverstone,hamilton,7,0.491,4.6,1,0.2451,0.05,3,jolpica_real
2023,10,silverstone,piastri,3,0.372,13.8,0,0.2941,0.05,4,jolpica_real
2023,10,silverstone,russell,6,0.435,7.6,1,0.2451,0.05,5,jolpica_real
2023,10,silverstone,perez,15,3.248,6.2,1,0.3333,0.05,6,jolpica_real
2023,10,silverstone,alonso,9,0.939,3.8,1,0.0588,0.05,7,jolpica_real
2023,10,silverstone,albon,8,0.81,12.4,1,0.0392,0.05,8,jolpica_real
2023,10,silverstone,leclerc,4,0.416,6.0,1,0.0294,0.05,9,jolpica_real
2023,10,silverstone,sainz,5,0.428,5.8,1,0.0294,0.05,10,jolpica_real
2023,10,silverstone,sargeant,14,2.311,18.2,0,0.0392,0.05,11,jolpica_real
2023,10,silverstone,bottas,20,3.078,13.6,1,0.0,0.05,12,jolpica_real
2023,10,silverstone,hulkenberg,11,2.176,16.4,0,0.0,0.05,13,jolpica_real
2023,10,silverstone,stroll,12,2.215,11.2,1,0.0588,0.05,14,jolpica_real
2023,10,silverstone,zhou,17,3.403,13.2,1,0.0,0.05,15,jolpica_real
2023,10,silverstone,tsunoda,16,3.305,14.2,1,0.0,0.05,16,jolpica_real
2023,10,silverstone,de_vries,18,3.793,15.8,0,0.0,0.05,17,jolpica_real
2023,10,silverstone,gasly,10,0.969,9.4,1,0.0,0.05,18,jolpica_real
2023,10,silverstone,kevin_magnussen,19,5.658,16.4,1,0.0,0.05,19,jolpica_real
2023,10,silverstone,ocon,13,2.236,8.4,1,0.0,0.05,20,jolpica_real
2023,11,hungaroring,max_verstappen,2,0.003,1.0,1,0.402,0.05,1,jolpica_real
2023,11,hungaroring,norris,3,0.085,9.0,1,0.2745,0.05,2,jolpica_real
2023,11,hungaroring,perez,9,0.436,7.0,1,0.402,0.05,3,jolpica_real
2023,11,hungaroring,hamilton,1,0.0,4.0,1,0.1961,0.05,4,jolpica_real
2023,11,hungaroring,piastri,4,0.296,10.8,0,0.2745,0.05,5,jolpica_real
2023,11,hungaroring,russell,18,2.418,7.8,1,0.1961,0.05,6,jolpica_real
2023,11,hungaroring,leclerc,6,0.383,6.4,1,0.098,0.05,7,jolpica_real
2023,11,hungaroring,sainz,11,1.094,6.8,1,0.098,0.05,8,jolpica_real
2023,11,hungaroring,alonso,8,0.426,4.6,1,0.0294,0.05,9,jolpica_real
2023,11,hungaroring,stroll,14,1.535,11.6,1,0.0294,0.05,10,jolpica_real
2023,11,hungaroring,albon,16,2.308,11.2,1,0.0,0.05,11,jolpica_real
2023,11,hungaroring,bottas,7,0.425,13.4,1,0.0,0.05,12,jolpica_real
2023,11,hungaroring,ricciardo,13,1.393,12.6,1,0.0,0.05,13,jolpica_real
2023,11,hungaroring,hulkenberg,10,0.577,16.0,0,0.0,0.05,14,jolpica_real
2023,11,hungaroring,tsunoda,17,2.31,15.2,1,0.0,0.05,15,jolpica_real
2023,11,hungaroring,zhou,5,0.362,13.0,1,0.0,0.05,16,jolpica_real
2023,11,hungaroring,kevin_magnussen,19,2.597,18.2,1,0.0,0.05,17,jolpica_real
2023,11,hungaroring,sargeant,20,2.639,16.4,0,0.0,0.05,18,jolpica_real
2023,11,hungaroring,ocon,12,1.232,10.6,1,0.0,0.05,19,jolpica_real
2023,11,hungaroring,gasly,15,1.608,11.4,1,0.0,0.05,20,jolpica_real
2023,12,spa,max_verstappen,6,0.0,1.0,1,0.4216,0.05,1,jolpica_real
2023,12,spa,perez,2,0.877,4.4,1,0.4216,0.05,2,jolpica_real
2023,12,spa,leclerc,1,0.82,6.6,1,0.1471,0.05,3,jolpica_real
2023,12,spa,hamilton,3,0.919,4.0,1,0.2059,0.05,4,jolpica_real
2023,12,spa,alonso,9,1.675,6.0,1,0.1176,0.05,5,jolpica_real
2023,12,spa,russell,8,1.637,8.0,1,0.2059,0.05,6,jolpica_real
2023,12,spa,norris,7,1.501,7.6,1,0.0588,0.05,7,jolpica_real
2023,12,spa,ocon,14,10.204,13.8,1,0.0392,0.05,8,jolpica_real
2023,12,spa,stroll,10,2.673,9.6,1,0.1176,0.05,9,jolpica_real
2023,12,spa,tsunoda,11,6.98,15.2,1,0.0098,0.05,10,jolpica_real
2023,12,spa,gasly,12,7.503,14.0,1,0.0392,0.05,11,jolpica_real
2023,12,spa,bottas,13,8.526,13.6,1,0.0,0.05,12,jolpica_real
2023,12,spa,zhou,17,14.664,13.6,1,0.0,0.05,13,jolpica_real
2023,12,spa,albon,15,14.146,10.6,1,0.0,0.05,14,jolpica_real
2023,12,spa,kevin_magnussen,16,7.992,17.8,1,0.0,0.05,15,jolpica_real
2023,12,spa,ricciardo,19,15.991,13.0,1,0.0098,0.05,16,jolpica_real
2023,12,spa,sargeant,18,15.367,16.4,0,0.0,0.05,17,jolpica_real
2023,12,spa,hulkenberg,20,16.998,15.4,0,0.0,0.05,18,jolpica_real
2023,12,spa,sainz,4,0.984,6.8,1,0.1471,0.05,19,jolpica_real
2023,12,spa,piastri,5,1.197,9.8,0,0.0588,0.05,20,jolpica_real
2023,13,zandvoort,max_verstappen,1,0.0,1.0,1,0.3627,0.05,1,jolpica_real
2023,13,zandvoort,alonso,5,0.939,5.6,1,0.1863,0.05,2,jolpica_real
2023,13,zandvoort,gasly,12,9.561,14.2,1,0.1569,0.05,3,jolpica_real
2023,13,zandvoort,perez,7,1.313,4.0,1,0.3627,0.05,4,jolpica_real
2023,13,zandvoort,sainz,6,1.187,9.6,1,0.098,0.05,5,jolpica_real
2023,13,zandvoort,hamilton,13,9.584,4.4,1,0.0784,0.05,6,jolpica_real
2023,13,zandvoort,norris,2,0.537,5.6,1,0.0784,0.05,7,jolpica_real
2023,13,zandvoort,albon,4,0.852,10.2,1,0.0392,0.05,8,jolpica_real
2023,13,zandvoort,piastri,8,1.371,11.2,0,0.0784,0.05,9,jolpica_real
2023,13,zandvoort,ocon,16,11.543,13.8,1,0.1569,0.05,10,jolpica_real
2023,13,zandvoort,stroll,11,9.554,10.2,1,0.1863,0.05,11,jolpica_real
2023,13,zandvoort,hulkenberg,14,9.683,16.0,0,0.0,0.05,12,jolpica_real
2023,13,zandvoort,lawson,19,12.853,19.0,0,0.0,0.05,13,jolpica_real
2023,13,zandvoort,bottas,18,11.693,12.2,1,0.0,0.05,14,jolpica_real
2023,13,zandvoort,tsunoda,17,9.663,14.8,1,0.0,0.05,15,jolpica_real
2023,13,zandvoort,kevin_magnussen,20,11.625,17.2,1,0.0,0.05,16,jolpica_real
2023,13,zandvoort,russell,3,0.727,8.6,1,0.0784,0.05,17,jolpica_real
2023,13,zandvoort,zhou,15,11.5,14.4,1,0.0,0.05,18,jolpica_real
2023,13,zandvoort,leclerc,9,2.098,5.0,1,0.098,0.05,19,jolpica_real
2023,13,zandvoort,sargeant,10,6.181,15.8,0,0.0392,0.05,20,jolpica_real
2023,14,monza,max_verstappen,2,0.013,1.0,1,0.4257,0.05,1,jolpica_real
2023,14,monza,perez,5,0.394,3.6,1,0.4257,0.05,2,jolpica_real
2023,14,monza,sainz,1,0.0,9.6,1,0.2673,0.05,3,jolpica_real
2023,14,monza,leclerc,3,0.067,8.0,1,0.2673,0.05,4,jolpica_real
2023,14,monza,russell,4,0.377,8.2,1,0.1782,0.05,5,jolpica_real
2023,14,monza,hamilton,8,0.526,5.0,1,0.1782,0.05,6,jolpica_real
2023,14,monza,albon,6,0.466,10.4,0,0.0594,0.05,7,jolpica_real
2023,14,monza,norris,9,0.685,4.4,1,0.0396,0.05,8,jolpica_real
2023,14,monza,alonso,10,1.123,5.6,1,0.0198,0.05,9,jolpica_real
2023,14,monza,bottas,14,1.646,13.0,1,0.0099,0.05,10,jolpica_real
2023,14,monza,lawson,12,1.464,13.0,0,0.0,0.05,11,jolpica_real
2023,14,monza,piastri,7,0.491,10.8,0,0.0396,0.05,12,jolpica_real
2023,14,monza,sargeant,15,1.65,15.8,0,0.0594,0.05,13,jolpica_real
2023,14,monza,zhou,16,2.096,14.8,1,0.0099,0.05,14,jolpica_real
2023,14,monza,gasly,17,2.251,12.4,1,0.0,0.05,15,jolpica_real
2023,14,monza,stroll,20,2.566,10.6,1,0.0198,0.05,16,jolpica_real
2023,14,monza,hulkenberg,13,1.482,15.4,0,0.0,0.05,17,jolpica_real
2023,14,monza,kevin_magnussen,19,2.298,17.0,1,0.0,0.05,18,jolpica_real
2023,14,monza,ocon,18,2.254,14.2,1,0.0,0.05,19,jolpica_real
2023,14,monza,tsunoda,11,1.3,15.0,1,0.0,0.05,20,jolpica_real
2023,15,marina_bay,sainz,1,0.0,9.0,1,0.3627,0.05,1,jolpica_real
2023,15,marina_bay,norris,4,0.286,5.2,1,0.2353,0.05,2,jolpica_real
2023,15,marina_bay,hamilton,5,0.501,4.6,1,0.1569,0.05,3,jolpica_real
2023,15,marina_bay,leclerc,3,0.079,8.4,1,0.3627,0.05,4,jolpica_real
2023,15,marina_bay,max_verstappen,11,1.189,1.0,1,0.1373,0.05,5,jolpica_real
2023,15,marina_bay,gasly,12,1.29,13.4,1,0.0784,0.05,6,jolpica_real
2023,15,marina_bay,piastri,17,1.918,10.0,0,0.2353,0.05,7,jolpica_real
2023,15,marina_bay,perez,13,1.326,3.4,1,0.1373,0.05,8,jolpica_real
2023,15,marina_bay,lawson,10,1.284,12.0,0,0.0196,0.05,9,jolpica_real
2023,15,marina_bay,kevin_magnussen,6,0.591,17.0,1,0.0098,0.05,10,jolpica_real
2023,15,marina_bay,albon,14,2.735,9.6,1,0.0,0.05,11,jolpica_real
2023,15,marina_bay,zhou,19,2.274,15.2,1,0.0,0.05,12,jolpica_real
2023,15,marina_bay,hulkenberg,9,0.824,14.8,0,0.0098,0.05,13,jolpica_real
2023,15,marina_bay,sargeant,18,2.268,15.8,0,0.0,0.05,14,jolpica_real
2023,15,marina_bay,alonso,7,0.631,6.4,1,0.0,0.05,15,jolpica_real
2023,15,marina_bay,russell,2,0.072,7.8,1,0.1569,0.05,16,jolpica_real
2023,15,marina_bay,bottas,16,1.825,12.0,1,0.0,0.05,17,jolpica_real
2023,15,marina_bay,ocon,8,0.689,15.2,1,0.0784,0.05,18,jolpica_real
2023,15,marina_bay,tsunoda,15,1.007,15.2,1,0.0196,0.05,19,jolpica_real
2023,15,marina_bay,stroll,20,2.413,12.0,1,0.0,0.05,20,jolpica_real
2023,16,suzuka,max_verstappen,1,0.0,1.8,1,0.2549,0.05,1,jolpica_real
2023,16,suzuka,norris,3,0.616,5.2,1,0.3235,0.05,2,jolpica_real
2023,16,suzuka,piastri,2,0.581,10.6,0,0.3235,0.05,3,jolpica_real
2023,16,suzuka,leclerc,4,0.665,7.4,1,0.1961,0.05,4,jolpica_real
2023,16,suzuka,hamilton,7,1.031,4.6,1,0.1569,0.05,5,jolpica_real
2023,16,suzuka,sainz,6,0.973,7.2,1,0.1961,0.05,6,jolpica_real
2023,16,suzuka,russell,8,1.342,10.0,1,0.1569,0.05,7,jolpica_real
2023,16,suzuka,alonso,10,1.683,8.0,1,0.0392,0.05,8,jolpica_real
2023,16,suzuka,ocon,14,1.709,14.8,1,0.0294,0.05,9,jolpica_real
2023,16,suzuka,gasly,12,1.632,11.0,1,0.0294,0.05,10,jolpica_real
2023,16,suzuka,lawson,11,1.631,11.0,0,0.0,0.05,11,jolpica_real
2023,16,suzuka,tsunoda,9,1.426,15.8,1,0.0,0.05,12,jolpica_real
2023,16,suzuka,zhou,19,2.521,14.6,1,0.0,0.05,13,jolpica_real
2023,16,suzuka,hulkenberg,18,2.422,14.8,0,0.0,0.05,14,jolpica_real
2023,16,suzuka,kevin_magnussen,15,1.788,15.2,1,0.0,0.05,15,jolpica_real
2023,16,suzuka,albon,13,1.66,10.2,1,0.0,0.05,16,jolpica_real
2023,16,suzuka,sargeant,20,1.2,16.4,0,0.0,0.05,17,jolpica_real
2023,16,suzuka,stroll,17,2.304,13.2,1,0.0392,0.05,18,jolpica_real
2023,16,suzuka,perez,5,0.773,3.8,1,0.2549,0.05,19,jolpica_real
2023,16,suzuka,bottas,16,2.172,13.0,1,0.0,0.05,20,jolpica_real
2023,17,losail,max_verstappen,1,0.0,1.8,0,0.2647,0.05,1,jolpica_real
2023,17,losail,piastri,6,0.762,10.2,0,0.3235,0.05,2,jolpica_real
2023,17,losail,norris,10,0.907,5.2,0,0.3235,0.05,3,jolpica_real
2023,17,losail,russell,2,0.441,10.2,0,0.1176,0.05,4,jolpica_real
2023,17,losail,leclerc,5,0.646,6.8,0,0.098,0.05,5,jolpica_real
2023,17,losail,alonso,4,0.591,7.8,0,0.0784,0.05,6,jolpica_real
2023,17,losail,ocon,8,0.985,12.8,0,0.0588,0.05,7,jolpica_real
2023,17,losail,bottas,9,1.28,14.6,0,0.0588,0.05,8,jolpica_real
2023,17,losail,zhou,19,3.654,14.0,0,0.0588,0.05,9,jolpica_real
2023,17,losail,perez,20,1.684,7.0,0,0.2647,0.05,10,jolpica_real
2023,17,losail,stroll,16,2.567,14.8,0,0.0784,0.05,11,jolpica_real
2023,17,losail,gasly,7,0.775,9.0,0,0.0588,0.05,12,jolpica_real
2023,17,losail,albon,13,1.929,11.2,0,0.0,0.05,13,jolpica_real
2023,17,losail,kevin_magnussen,18,3.268,14.8,0,0.0,0.05,14,jolpica_real
2023,17,losail,tsunoda,11,1.523,15.2,0,0.0,0.05,15,jolpica_real
2023,17,losail,hulkenberg,14,2.005,14.8,0,0.0,0.05,16,jolpica_real
2023,17,losail,lawson,17,2.857,11.0,0,0.0,0.05,17,jolpica_real
2023,17,losail,sargeant,15,2.432,16.2,0,0.0,0.05,18,jolpica_real
2023,17,losail,hamilton,3,0.527,4.8,0,0.1176,0.05,19,jolpica_real
2023,17,losail,sainz,12,1.55,6.8,0,0.098,0.05,20,jolpica_real
2023,18,americas,max_verstappen,6,0.358,1.8,1,0.3627,0.05,1,jolpica_real
2023,18,americas,norris,2,0.13,4.4,1,0.1765,0.05,2,jolpica_real
2023,18,americas,sainz,4,0.222,7.0,1,0.1471,0.05,3,jolpica_real
2023,18,americas,perez,9,0.45,8.6,1,0.3627,0.05,4,jolpica_real
2023,18,americas,russell,5,0.356,9.8,1,0.098,0.05,5,jolpica_real
2023,18,americas,gasly,7,0.366,9.2,1,0.0784,0.05,6,jolpica_real
2023,18,americas,stroll,20,1.866,15.2,1,0.0588,0.05,7,jolpica_real
2023,18,americas,tsunoda,11,0.974,16.2,1,0.049,0.05,8,jolpica_real
2023,18,americas,albon,15,1.592,11.0,1,0.0294,0.05,9,jolpica_real
2023,18,americas,sargeant,16,2.104,16.4,0,0.0294,0.05,10,jolpica_real
2023,18,americas,hulkenberg,18,1.512,14.4,0,0.0,0.05,11,jolpica_real
2023,18,americas,bottas,13,1.135,13.8,1,0.0,0.05,12,jolpica_real
2023,18,americas,zhou,12,0.975,13.2,1,0.0,0.05,13,jolpica_real
2023,18,americas,kevin_magnussen,17,1.157,14.6,1,0.0,0.05,14,jolpica_real
2023,18,americas,ricciardo,14,1.251,13.0,1,0.049,0.05,15,jolpica_real
2023,18,americas,alonso,19,1.545,8.0,1,0.0588,0.05,16,jolpica_real
2023,18,americas,piastri,10,0.744,6.6,0,0.1765,0.05,17,jolpica_real
2023,18,americas,ocon,8,0.431,12.6,1,0.0784,0.05,18,jolpica_real
2023,18,americas,hamilton,3,0.139,7.8,1,0.098,0.05,19,jolpica_real
2023,18,americas,leclerc,1,0.0,7.2,1,0.1471,0.05,20,jolpica_real
2023,19,rodriguez,max_verstappen,3,0.097,1.8,1,0.2451,0.05,1,jolpica_real
2023,19,rodriguez,hamilton,6,0.288,10.4,1,0.2647,0.05,2,jolpica_real
2023,19,rodriguez,leclerc,1,0.0,7.4,1,0.2647,0.05,3,jolpica_real
2023,19,rodriguez,sainz,2,0.067,6.6,1,0.2647,0.05,4,jolpica_real
2023,19,rodriguez,norris,17,4.388,3.4,1,0.1373,0.05,5,jolpica_real
2023,19,rodriguez,russell,8,0.508,7.4,1,0.2647,0.05,6,jolpica_real
2023,19,rodriguez,ricciardo,4,0.216,14.6,1,0.0588,0.05,7,jolpica_real
2023,19,rodriguez,piastri,7,0.457,8.2,0,0.1373,0.05,8,jolpica_real
2023,19,rodriguez,albon,14,1.981,11.2,1,0.0196,0.05,9,jolpica_real
2023,19,rodriguez,ocon,15,1.914,14.2,1,0.0098,0.05,10,jolpica_real
2023,19,rodriguez,gasly,11,1.355,9.8,1,0.0098,0.05,11,jolpica_real
2023,19,rodriguez,tsunoda,18,1.724,14.8,1,0.0588,0.05,12,jolpica_real
2023,19,rodriguez,hulkenberg,12,1.358,14.2,0,0.0,0.05,13,jolpica_real
2023,19,rodriguez,zhou,10,0.884,12.2,1,0.0,0.05,14,jolpica_real
2023,19,rodriguez,bottas,9,0.866,13.4,1,0.0,0.05,15,jolpica_real
2023,19,rodriguez,sargeant,19,1.2,14.4,0,0.0196,0.05,16,jolpica_real
2023,19,rodriguez,stroll,20,2.061,14.4,1,0.0,0.05,17,jolpica_real
2023,19,rodriguez,alonso,13,1.572,10.8,1,0.0,0.05,18,jolpica_real
2023,19,rodriguez,kevin_magnussen,16,1.997,14.2,1,0.0,0.05,19,jolpica_real
2023,19,rodriguez,perez,5,0.257,8.6,1,0.2451,0.05,20,jolpica_real
2023,20,interlagos,max_verstappen,1,0.397,1.8,1,0.3627,0.05,1,jolpica_real
2023,20,interlagos,norris,6,1.657,2.8,1,0.1863,0.05,2,jolpica_real
2023,20,interlagos,alonso,4,1.057,12.6,1,0.2451,0.05,3,jolpica_real
2023,20,interlagos,perez,9,1.991,12.2,1,0.3627,0.05,4,jolpica_real
2023,20,interlagos,stroll,3,1.014,14.6,1,0.2451,0.05,5,jolpica_real
2023,20,interlagos,sainz,7,1.659,6.8,1,0.0784,0.05,6,jolpica_real
2023,20,interlagos,gasly,15,0.237,9.0,1,0.0686,0.05,7,jolpica_real
2023,20,interlagos,hamilton,5,1.139,9.6,1,0.0392,0.05,8,jolpica_real
2023,20,interlagos,tsunoda,16,0.507,13.2,1,0.0196,0.05,9,jolpica_real
2023,20,interlagos,ocon,14,0.232,12.4,1,0.0686,0.05,10,jolpica_real
2023,20,interlagos,sargeant,19,0.705,15.0,0,0.0,0.05,11,jolpica_real
2023,20,interlagos,hulkenberg,11,0.217,13.4,0,0.0,0.05,12,jolpica_real
2023,20,interlagos,ricciardo,17,0.513,12.0,1,0.0196,0.05,13,jolpica_real
2023,20,interlagos,piastri,10,0.0,7.4,0,0.1863,0.05,14,jolpica_real
2023,20,interlagos,russell,8,1.26,7.6,1,0.0392,0.05,15,jolpica_real
2023,20,interlagos,bottas,18,0.625,14.4,1,0.0,0.05,16,jolpica_real
2023,20,interlagos,zhou,20,0.945,12.2,1,0.0,0.05,17,jolpica_real
2023,20,interlagos,kevin_magnussen,12,0.393,14.4,1,0.0,0.05,18,jolpica_real
2023,20,interlagos,albon,13,0.51,11.6,1,0.0,0.05,19,jolpica_real
2023,20,interlagos,leclerc,2,0.691,7.2,1,0.0784,0.05,20,jolpica_real
2023,21,vegas,max_verstappen,2,0.378,1.0,0,0.3922,0.05,1,jolpica_real
2023,21,vegas,leclerc,1,0.0,10.4,0,0.2549,0.05,2,jolpica_real
2023,21,vegas,perez,11,1.129,11.4,0,0.3922,0.05,3,jolpica_real
2023,21,vegas,ocon,16,2.108,10.8,0,0.1176,0.05,4,jolpica_real
2023,21,vegas,stroll,19,1.473,11.6,0,0.1176,0.05,5,jolpica_real
2023,21,vegas,sainz,12,0.044,7.8,0,0.2549,0.05,6,jolpica_real
2023,21,vegas,hamilton,10,1.111,10.6,0,0.098,0.05,7,jolpica_real
2023,21,vegas,russell,3,0.386,7.4,0,0.098,0.05,8,jolpica_real
2023,21,vegas,alonso,9,0.829,10.2,0,0.1176,0.05,9,jolpica_real
2023,21,vegas,piastri,18,2.124,8.8,0,0.0196,0.05,10,jolpica_real
2023,21,vegas,gasly,4,0.513,9.2,0,0.1176,0.05,11,jolpica_real
2023,21,vegas,albon,5,0.597,13.2,0,0.0,0.05,12,jolpica_real
2023,21,vegas,kevin_magnussen,8,0.811,16.0,0,0.0,0.05,13,jolpica_real
2023,21,vegas,ricciardo,14,1.582,12.8,0,0.0,0.05,14,jolpica_real
2023,21,vegas,zhou,17,2.123,13.2,0,0.0,0.05,15,jolpica_real
2023,21,vegas,sargeant,6,0.787,14.4,0,0.0,0.05,16,jolpica_real
2023,21,vegas,bottas,7,0.799,14.2,0,0.0,0.05,17,jolpica_real
2023,21,vegas,tsunoda,20,3.721,11.2,0,0.0,0.05,18,jolpica_real
2023,21,vegas,hulkenberg,13,1.253,13.2,0,0.0,0.05,19,jolpica_real
2023,21,vegas,norris,15,1.977,2.8,0,0.0196,0.05,20,jolpica_real
2023,22,yas_marina,max_verstappen,1,0.0,1.0,1,0.3725,0.05,1,jolpica_real
2023,22,yas_marina,leclerc,2,0.139,10.0,1,0.1765,0.05,2,jolpica_real
2023,22,yas_marina,russell,4,0.343,7.6,1,0.1667,0.05,3,jolpica_real
2023,22,yas_marina,perez,9,0.726,8.2,1,0.3725,0.05,4,jolpica_real
2023,22,yas_marina,norris,5,0.371,6.4,1,0.1765,0.05,5,jolpica_real
2023,22,yas_marina,piastri,3,0.337,10.2,0,0.1765,0.05,6,jolpica_real
2023,22,yas_marina,alonso,7,0.639,10.4,1,0.0686,0.05,7,jolpica_real
2023,22,yas_marina,tsunoda,6,0.523,12.4,1,0.0392,0.05,8,jolpica_real
2023,22,yas_marina,hamilton,11,0.914,11.0,1,0.1667,0.05,9,jolpica_real
2023,22,yas_marina,stroll,13,0.977,9.0,1,0.0686,0.05,10,jolpica_real
2023,22,yas_marina,ricciardo,15,0.997,13.0,1,0.0392,0.05,11,jolpica_real
2023,22,yas_marina,ocon,12,0.946,9.8,1,0.0,0.05,12,jolpica_real
2023,22,yas_marina,gasly,10,1.103,9.4,1,0.0,0.05,13,jolpica_real
2023,22,yas_marina,albon,14,0.994,12.4,1,0.0,0.05,14,jolpica_real
2023,22,yas_marina,hulkenberg,8,0.663,14.2,0,0.0,0.05,15,jolpica_real
2023,22,yas_marina,sargeant,20,1.2,14.2,0,0.0,0.05,16,jolpica_real
2023,22,yas_marina,zhou,19,1.714,13.6,1,0.0,0.05,17,jolpica_real
2023,22,yas_marina,sainz,16,1.293,7.8,1,0.1765,0.05,18,jolpica_real
2023,22,yas_marina,bottas,18,1.343,13.6,1,0.0,0.05,19,jolpica_real
2023,22,yas_marina,kevin_magnussen,17,1.319,15.6,1,0.0,0.05,20,jolpica_real
2024,1,bahrain,max_verstappen,1,0.0,1.0,2,0.4314,0.05,1,jolpica_real
2024,1,bahrain,perez,5,0.358,7.0,2,0.4314,0.05,2,jolpica_real
2024,1,bahrain,sainz,4,0.328,7.4,2,0.2647,0.05,3,jolpica_real
2024,1,bahrain,leclerc,2,0.228,9.4,2,0.2647,0.05,4,jolpica_real
2024,1,bahrain,russell,3,0.306,7.4,2,0.1569,0.05,5,jolpica_real
2024,1,bahrain,norris,7,0.435,6.8,2,0.1176,0.05,6,jolpica_real
2024,1,bahrain,hamilton,9,0.531,9.0,2,0.1569,0.05,7,jolpica_real
2024,1,bahrain,piastri,8,0.504,11.0,1,0.1176,0.05,8,jolpica_real
2024,1,bahrain,alonso,6,0.363,10.6,2,0.0294,0.05,9,jolpica_real
2024,1,bahrain,stroll,12,1.021,8.8,2,0.0294,0.05,10,jolpica_real
2024,1,bahrain,zhou,17,1.578,15.2,2,0.0,0.05,11,jolpica_real
2024,1,bahrain,kevin_magnussen,15,1.35,16.8,2,0.0,0.05,12,jolpica_real
2024,1,bahrain,ricciardo,14,1.099,12.0,1,0.0,0.05,13,jolpica_real
2024,1,bahrain,tsunoda,11,0.95,11.0,2,0.0,0.05,14,jolpica_real
2024,1,bahrain,albon,13,1.042,12.6,2,0.0,0.05,15,jolpica_real
2024,1,bahrain,hulkenberg,10,1.323,14.0,2,0.0,0.05,16,jolpica_real
2024,1,bahrain,ocon,19,1.614,10.8,2,0.0,0.05,17,jolpica_real
2024,1,bahrain,gasly,20,1.769,9.6,2,0.0,0.05,18,jolpica_real
2024,1,bahrain,bottas,16,1.577,15.8,2,0.0,0.05,19,jolpica_real
2024,1,bahrain,sargeant,18,1.591,13.8,1,0.0,0.05,20,jolpica_real
2024,2,jeddah,max_verstappen,1,0.0,1.0,2,0.4216,0.05,1,jolpica_real
2024,2,jeddah,perez,3,0.335,6.6,2,0.4216,0.05,2,jolpica_real
2024,2,jeddah,leclerc,2,0.319,6.2,2,0.2157,0.05,3,jolpica_real
2024,2,jeddah,piastri,5,0.617,9.2,1,0.1569,0.05,4,jolpica_real
2024,2,jeddah,alonso,4,0.374,9.2,2,0.098,0.05,5,jolpica_real
2024,2,jeddah,russell,7,0.844,7.4,2,0.098,0.05,6,jolpica_real
2024,2,jeddah,bearman,11,1.17,11.0,0,0.2157,0.05,7,jolpica_real
2024,2,jeddah,norris,6,0.66,7.6,2,0.1569,0.05,8,jolpica_real
2024,2,jeddah,hamilton,8,0.988,6.6,2,0.098,0.05,9,jolpica_real
2024,2,jeddah,hulkenberg,15,1.583,15.0,2,0.0098,0.05,10,jolpica_real
2024,2,jeddah,albon,12,1.508,13.8,2,0.0,0.05,11,jolpica_real
2024,2,jeddah,kevin_magnussen,13,1.548,16.4,2,0.0098,0.05,12,jolpica_real
2024,2,jeddah,ocon,17,2.003,10.6,2,0.0,0.05,13,jolpica_real
2024,2,jeddah,sargeant,19,2.054,15.8,1,0.0,0.05,14,jolpica_real
2024,2,jeddah,tsunoda,9,1.075,12.2,2,0.0,0.05,15,jolpica_real
2024,2,jeddah,ricciardo,14,1.553,11.6,1,0.0,0.05,16,jolpica_real
2024,2,jeddah,bottas,16,1.707,17.2,2,0.0,0.05,17,jolpica_real
2024,2,jeddah,zhou,20,1.2,14.8,2,0.0,0.05,18,jolpica_real
2024,2,jeddah,stroll,10,1.1,9.4,2,0.098,0.05,19,jolpica_real
2024,2,jeddah,gasly,18,2.007,12.0,2,0.0,0.05,20,jolpica_real
2024,3,albert_park,sainz,2,0.27,7.4,2,0.4314,0.05,1,jolpica_real
2024,3,albert_park,leclerc,4,0.52,6.2,2,0.4314,0.05,2,jolpica_real
2024,3,albert_park,norris,3,0.4,8.2,2,0.2647,0.05,3,jolpica_real
2024,3,albert_park,piastri,5,0.657,8.4,1,0.2647,0.05,4,jolpica_real
2024,3,albert_park,perez,6,0.359,3.0,2,0.098,0.05,5,jolpica_real
2024,3,albert_park,stroll,9,1.157,9.8,2,0.1176,0.05,6,jolpica_real
2024,3,albert_park,tsunoda,8,0.873,12.8,2,0.0588,0.05,7,jolpica_real
2024,3,albert_park,alonso,10,1.637,6.6,2,0.1176,0.05,8,jolpica_real
2024,3,albert_park,hulkenberg,16,2.061,14.4,1,0.0294,0.05,9,jolpica_real
2024,3,albert_park,kevin_magnussen,14,1.512,15.0,2,0.0294,0.05,10,jolpica_real
2024,3,albert_park,albon,12,1.252,14.2,2,0.0,0.05,11,jolpica_real
2024,3,albert_park,ricciardo,18,2.17,13.4,1,0.0588,0.05,12,jolpica_real
2024,3,albert_park,gasly,17,2.067,13.8,2,0.0,0.05,13,jolpica_real
2024,3,albert_park,bottas,13,1.425,17.6,2,0.0,0.05,14,jolpica_real
2024,3,albert_park,zhou,19,2.273,15.6,2,0.0,0.05,15,jolpica_real
2024,3,albert_park,ocon,15,1.782,11.2,2,0.0,0.05,16,jolpica_real
2024,3,albert_park,russell,7,0.809,7.4,2,0.0,0.05,17,jolpica_real
2024,3,albert_park,hamilton,11,1.045,8.0,2,0.0,0.05,18,jolpica_real
2024,3,albert_park,max_verstappen,1,0.0,1.0,2,0.098,0.05,19,jolpica_real
2024,4,suzuka,max_verstappen,1,0.0,4.6,2,0.4314,0.05,1,jolpica_real
2024,4,suzuka,perez,2,0.066,3.2,2,0.4314,0.05,2,jolpica_real
2024,4,suzuka,sainz,4,0.485,6.8,2,0.2647,0.05,3,jolpica_real
2024,4,suzuka,leclerc,8,0.589,2.6,2,0.2647,0.05,4,jolpica_real
2024,4,suzuka,norris,3,0.292,8.4,2,0.1373,0.05,5,jolpica_real
2024,4,suzuka,alonso,5,0.489,7.6,2,0.0784,0.05,6,jolpica_real
2024,4,suzuka,russell,9,0.811,7.8,2,0.0784,0.05,7,jolpica_real
2024,4,suzuka,piastri,6,0.563,6.4,1,0.1373,0.05,8,jolpica_real
2024,4,suzuka,hamilton,7,0.569,10.0,2,0.0784,0.05,9,jolpica_real
2024,4,suzuka,tsunoda,10,1.216,12.4,2,0.0098,0.05,10,jolpica_real
2024,4,suzuka,hulkenberg,12,1.297,13.8,1,0.0,0.05,11,jolpica_real
2024,4,suzuka,stroll,16,1.827,10.0,2,0.0784,0.05,12,jolpica_real
2024,4,suzuka,kevin_magnussen,18,1.934,13.4,2,0.0,0.05,13,jolpica_real
2024,4,suzuka,bottas,13,1.396,17.2,2,0.0,0.05,14,jolpica_real
2024,4,suzuka,ocon,15,1.619,12.4,2,0.0,0.05,15,jolpica_real
2024,4,suzuka,gasly,17,1.922,15.0,2,0.0,0.05,16,jolpica_real
2024,4,suzuka,sargeant,19,1.942,15.4,1,0.0,0.05,17,jolpica_real
2024,4,suzuka,zhou,20,1.946,15.2,2,0.0,0.05,18,jolpica_real
2024,4,suzuka,ricciardo,11,1.275,13.2,1,0.0098,0.05,19,jolpica_real
2024,4,suzuka,albon,14,1.517,12.6,2,0.0,0.05,20,jolpica_real
2024,5,shanghai,max_verstappen,1,0.0,4.6,0,0.3922,0.05,1,jolpica_real
2024,5,shanghai,norris,4,0.505,5.4,0,0.2157,0.05,2,jolpica_real
2024,5,shanghai,perez,2,0.322,3.0,0,0.3922,0.05,3,jolpica_real
2024,5,shanghai,leclerc,6,0.629,3.0,0,0.2157,0.05,4,jolpica_real
2024,5,shanghai,sainz,7,0.637,6.2,0,0.2157,0.05,5,jolpica_real
2024,5,shanghai,russell,8,0.773,7.6,0,0.098,0.05,6,jolpica_real
2024,5,shanghai,alonso,3,0.488,7.0,0,0.0686,0.05,7,jolpica_real
2024,5,shanghai,piastri,5,0.613,6.0,0,0.2157,0.05,8,jolpica_real
2024,5,shanghai,hamilton,18,1.913,10.4,0,0.098,0.05,9,jolpica_real
2024,5,shanghai,hulkenberg,9,0.944,12.2,0,0.0098,0.05,10,jolpica_real
2024,5,shanghai,ocon,13,1.563,14.6,0,0.0,0.05,11,jolpica_real
2024,5,shanghai,albon,14,1.581,14.2,0,0.0,0.05,12,jolpica_real
2024,5,shanghai,gasly,15,1.803,16.0,0,0.0,0.05,13,jolpica_real
2024,5,shanghai,zhou,16,1.845,15.8,0,0.0,0.05,14,jolpica_real
2024,5,shanghai,stroll,11,1.178,11.4,0,0.0686,0.05,15,jolpica_real
2024,5,shanghai,kevin_magnussen,17,1.856,13.4,0,0.0098,0.05,16,jolpica_real
2024,5,shanghai,sargeant,20,2.698,16.6,0,0.0,0.05,17,jolpica_real
2024,5,shanghai,ricciardo,12,1.274,14.2,0,0.0,0.05,18,jolpica_real
2024,5,shanghai,tsunoda,19,2.086,10.8,0,0.0,0.05,19,jolpica_real
2024,5,shanghai,bottas,10,1.005,16.6,0,0.0,0.05,20,jolpica_real
2024,6,miami,norris,5,0.353,4.8,2,0.2475,0.05,1,jolpica_real
2024,6,miami,max_verstappen,1,0.0,4.6,2,0.297,0.05,2,jolpica_real
2024,6,miami,leclerc,2,0.141,3.4,2,0.2475,0.05,3,jolpica_real
2024,6,miami,perez,4,0.219,2.8,2,0.297,0.05,4,jolpica_real
2024,6,miami,sainz,3,0.214,6.0,2,0.2475,0.05,5,jolpica_real
2024,6,miami,hamilton,8,0.866,10.4,2,0.1188,0.05,6,jolpica_real
2024,6,miami,tsunoda,10,0.951,13.0,2,0.0594,0.05,7,jolpica_real
2024,6,miami,russell,7,0.826,8.2,2,0.1188,0.05,8,jolpica_real
2024,6,miami,alonso,15,1.186,7.0,2,0.0198,0.05,9,jolpica_real
2024,6,miami,ocon,13,1.13,14.4,2,0.0099,0.05,10,jolpica_real
2024,6,miami,hulkenberg,9,0.905,11.2,1,0.0,0.05,11,jolpica_real
2024,6,miami,gasly,12,1.083,16.0,2,0.0099,0.05,12,jolpica_real
2024,6,miami,piastri,6,0.434,6.4,1,0.2475,0.05,13,jolpica_real
2024,6,miami,zhou,19,1.583,15.2,2,0.0,0.05,14,jolpica_real
2024,6,miami,ricciardo,20,1.376,15.6,1,0.0594,0.05,15,jolpica_real
2024,6,miami,bottas,16,1.222,16.8,2,0.0,0.05,16,jolpica_real
2024,6,miami,stroll,11,0.981,12.4,2,0.0198,0.05,17,jolpica_real
2024,6,miami,albon,14,1.172,13.8,2,0.0,0.05,18,jolpica_real
2024,6,miami,kevin_magnussen,18,1.378,12.6,2,0.0,0.05,19,jolpica_real
2024,6,miami,sargeant,17,1.246,16.8,1,0.0,0.05,20,jolpica_real
2024,7,imola,max_verstappen,1,0.0,4.8,1,0.2843,0.05,1,jolpica_real
2024,7,imola,norris,2,0.091,3.8,1,0.2941,0.05,2,jolpica_real
2024,7,imola,leclerc,3,0.224,3.2,1,0.2451,0.05,3,jolpica_real
2024,7,imola,piastri,5,0.074,7.4,0,0.2941,0.05,4,jolpica_real
2024,7,imola,sainz,4,0.487,3.4,1,0.2451,0.05,5,jolpica_real
2024,7,imola,hamilton,8,0.758,10.2,1,0.1471,0.05,6,jolpica_real
2024,7,imola,russell,6,0.488,8.8,1,0.1471,0.05,7,jolpica_real
2024,7,imola,perez,11,0.96,3.2,1,0.2843,0.05,8,jolpica_real
2024,7,imola,stroll,13,1.246,13.8,1,0.0196,0.05,9,jolpica_real
2024,7,imola,tsunoda,7,0.719,11.6,1,0.0098,0.05,10,jolpica_real
2024,7,imola,hulkenberg,10,1.234,10.2,0,0.0,0.05,11,jolpica_real
2024,7,imola,kevin_magnussen,18,2.108,14.0,1,0.0,0.05,12,jolpica_real
2024,7,imola,ricciardo,9,0.928,16.0,1,0.0098,0.05,13,jolpica_real
2024,7,imola,ocon,12,1.16,13.0,1,0.0,0.05,14,jolpica_real
2024,7,imola,zhou,17,2.088,15.8,1,0.0,0.05,15,jolpica_real
2024,7,imola,gasly,15,1.635,14.8,1,0.0,0.05,16,jolpica_real
2024,7,imola,sargeant,19,1.2,17.6,0,0.0,0.05,17,jolpica_real
2024,7,imola,bottas,16,1.88,16.2,1,0.0,0.05,18,jolpica_real
2024,7,imola,alonso,20,2.171,7.0,1,0.0196,0.05,19,jolpica_real
2024,7,imola,albon,14,1.454,14.4,1,0.0,0.05,20,jolpica_real
2024,8,monaco,leclerc,1,0.0,3.2,2,0.3922,0.05,1,jolpica_real
2024,8,monaco,piastri,2,0.154,7.4,1,0.2941,0.05,2,jolpica_real
2024,8,monaco,sainz,3,0.248,3.8,2,0.3922,0.05,3,jolpica_real
2024,8,monaco,norris,4,0.272,2.6,2,0.2941,0.05,4,jolpica_real
2024,8,monaco,russell,5,0.273,9.0,2,0.1667,0.05,5,jolpica_real
2024,8,monaco,max_verstappen,6,0.297,4.8,2,0.0784,0.05,6,jolpica_real
2024,8,monaco,hamilton,7,0.351,9.6,2,0.1667,0.05,7,jolpica_real
2024,8,monaco,tsunoda,8,0.588,10.6,2,0.0392,0.05,8,jolpica_real
2024,8,monaco,albon,9,0.678,16.2,2,0.0196,0.05,9,jolpica_real
2024,8,monaco,gasly,10,1.041,14.0,2,0.0098,0.05,10,jolpica_real
2024,8,monaco,alonso,14,1.749,9.8,2,0.0,0.05,11,jolpica_real
2024,8,monaco,ricciardo,12,1.212,15.4,1,0.0392,0.05,12,jolpica_real
2024,8,monaco,bottas,17,2.242,16.4,2,0.0,0.05,13,jolpica_real
2024,8,monaco,stroll,13,1.293,11.8,2,0.0,0.05,14,jolpica_real
2024,8,monaco,sargeant,15,1.75,17.0,1,0.0196,0.05,15,jolpica_real
2024,8,monaco,zhou,18,2.758,15.2,2,0.0,0.05,16,jolpica_real
2024,8,monaco,ocon,11,1.015,13.2,2,0.0098,0.05,17,jolpica_real
2024,8,monaco,perez,16,1.79,4.4,2,0.0784,0.05,18,jolpica_real
2024,8,monaco,hulkenberg,19,1.17,10.4,1,0.0,0.05,19,jolpica_real
2024,8,monaco,kevin_magnussen,20,1.455,14.0,2,0.0,0.05,20,jolpica_real
2024,9,villeneuve,max_verstappen,2,0.0,2.2,2,0.2451,0.05,1,jolpica_real
2024,9,villeneuve,norris,3,0.021,2.8,2,0.2745,0.05,2,jolpica_real
2024,9,villeneuve,russell,1,0.0,6.6,2,0.2745,0.05,3,jolpica_real
2024,9,villeneuve,hamilton,7,0.28,7.4,2,0.2745,0.05,4,jolpica_real
2024,9,villeneuve,piastri,4,0.103,7.0,1,0.2745,0.05,5,jolpica_real
2024,9,villeneuve,alonso,6,0.228,10.4,2,0.1373,0.05,6,jolpica_real
2024,9,villeneuve,stroll,9,0.701,13.4,2,0.1373,0.05,7,jolpica_real
2024,9,villeneuve,ricciardo,5,0.178,15.4,1,0.0392,0.05,8,jolpica_real
2024,9,villeneuve,gasly,15,0.94,13.4,2,0.0294,0.05,9,jolpica_real
2024,9,villeneuve,ocon,18,1.435,13.4,2,0.0294,0.05,10,jolpica_real
2024,9,villeneuve,hulkenberg,17,1.978,12.4,1,0.0,0.05,11,jolpica_real
2024,9,villeneuve,kevin_magnussen,14,0.916,16.0,2,0.0,0.05,12,jolpica_real
2024,9,villeneuve,bottas,19,1.366,16.2,2,0.0,0.05,13,jolpica_real
2024,9,villeneuve,tsunoda,8,0.414,10.8,2,0.0392,0.05,14,jolpica_real
2024,9,villeneuve,zhou,20,2.292,15.4,2,0.0,0.05,15,jolpica_real
2024,9,villeneuve,sainz,12,0.728,4.2,2,0.0,0.05,16,jolpica_real
2024,9,villeneuve,albon,10,0.796,15.8,2,0.0,0.05,17,jolpica_real
2024,9,villeneuve,perez,16,1.326,7.0,2,0.2451,0.05,18,jolpica_real
2024,9,villeneuve,leclerc,11,0.691,3.0,2,0.0,0.05,19,jolpica_real
2024,9,villeneuve,sargeant,13,0.736,17.2,1,0.0,0.05,20,jolpica_real
2024,10,catalunya,max_verstappen,2,0.02,2.2,2,0.2843,0.05,1,jolpica_real
2024,10,catalunya,norris,1,0.0,2.2,2,0.2451,0.05,2,jolpica_real
2024,10,catalunya,hamilton,3,0.318,6.4,2,0.2647,0.05,3,jolpica_real
2024,10,catalunya,russell,4,0.32,5.8,2,0.2647,0.05,4,jolpica_real
2024,10,catalunya,leclerc,5,0.348,6.0,2,0.1765,0.05,5,jolpica_real
2024,10,catalunya,sainz,6,0.353,6.8,2,0.1765,0.05,6,jolpica_real
2024,10,catalunya,piastri,9,0.628,6.4,1,0.2451,0.05,7,jolpica_real
2024,10,catalunya,perez,11,0.678,10.2,2,0.2843,0.05,8,jolpica_real
2024,10,catalunya,gasly,7,0.474,12.0,2,0.0294,0.05,9,jolpica_real
2024,10,catalunya,ocon,8,0.742,12.4,2,0.0294,0.05,10,jolpica_real
2024,10,catalunya,hulkenberg,13,0.927,12.4,1,0.0,0.05,11,jolpica_real
2024,10,catalunya,alonso,10,0.745,10.4,2,0.0,0.05,12,jolpica_real
2024,10,catalunya,zhou,15,1.355,14.8,2,0.0,0.05,13,jolpica_real
2024,10,catalunya,stroll,14,0.989,12.4,2,0.0,0.05,14,jolpica_real
2024,10,catalunya,ricciardo,18,1.692,13.2,1,0.0,0.05,15,jolpica_real
2024,10,catalunya,bottas,12,0.844,16.0,2,0.0,0.05,16,jolpica_real
2024,10,catalunya,kevin_magnussen,16,1.554,15.8,2,0.0,0.05,17,jolpica_real
2024,10,catalunya,albon,20,1.77,15.2,2,0.0,0.05,18,jolpica_real
2024,10,catalunya,tsunoda,17,1.602,11.6,2,0.0,0.05,19,jolpica_real
2024,10,catalunya,sargeant,19,2.126,17.8,1,0.0,0.05,20,jolpica_real
2024,11,red_bull_ring,russell,3,0.526,5.4,2,0.3663,0.05,1,jolpica_real
2024,11,red_bull_ring,piastri,7,0.734,6.2,1,0.1782,0.05,2,jolpica_real
2024,11,red_bull_ring,sainz,4,0.537,7.0,2,0.1485,0.05,3,jolpica_real
2024,11,red_bull_ring,hamilton,5,0.589,5.2,2,0.3663,0.05,4,jolpica_real
2024,11,red_bull_ring,max_verstappen,1,0.0,2.2,2,0.1584,0.05,5,jolpica_real
2024,11,red_bull_ring,hulkenberg,9,1.071,12.6,1,0.1188,0.05,6,jolpica_real
2024,11,red_bull_ring,perez,8,0.888,11.2,2,0.1584,0.05,7,jolpica_real
2024,11,red_bull_ring,kevin_magnussen,12,1.033,16.0,2,0.1188,0.05,8,jolpica_real
2024,11,red_bull_ring,ricciardo,11,0.975,12.6,1,0.0198,0.05,9,jolpica_real
2024,11,red_bull_ring,gasly,13,1.045,11.2,2,0.0099,0.05,10,jolpica_real
2024,11,red_bull_ring,leclerc,6,0.73,6.2,2,0.1485,0.05,11,jolpica_real
2024,11,red_bull_ring,ocon,10,1.569,12.2,2,0.0099,0.05,12,jolpica_real
2024,11,red_bull_ring,stroll,17,1.505,12.2,2,0.0,0.05,13,jolpica_real
2024,11,red_bull_ring,tsunoda,14,1.098,11.6,2,0.0198,0.05,14,jolpica_real
2024,11,red_bull_ring,albon,16,1.422,16.4,2,0.0,0.05,15,jolpica_real
2024,11,red_bull_ring,bottas,18,1.533,15.2,2,0.0,0.05,16,jolpica_real
2024,11,red_bull_ring,zhou,20,1.747,14.6,2,0.0,0.05,17,jolpica_real
2024,11,red_bull_ring,alonso,15,1.325,11.4,2,0.0,0.05,18,jolpica_real
2024,11,red_bull_ring,sargeant,19,1.542,18.4,1,0.0,0.05,19,jolpica_real
2024,11,red_bull_ring,norris,2,0.404,2.2,2,0.1782,0.05,20,jolpica_real
2024,12,silverstone,hamilton,2,0.171,4.8,2,0.2451,0.05,1,jolpica_real
2024,12,silverstone,max_verstappen,4,0.384,2.8,2,0.1765,0.05,2,jolpica_real
2024,12,silverstone,norris,3,0.211,6.0,2,0.2647,0.05,3,jolpica_real
2024,12,silverstone,piastri,5,0.418,4.0,1,0.2647,0.05,4,jolpica_real
2024,12,silverstone,sainz,7,0.69,6.6,2,0.1078,0.05,5,jolpica_real
2024,12,silverstone,hulkenberg,6,0.519,11.6,1,0.0784,0.05,6,jolpica_real
2024,12,silverstone,stroll,8,0.766,11.4,2,0.098,0.05,7,jolpica_real
2024,12,silverstone,alonso,10,1.098,13.2,2,0.098,0.05,8,jolpica_real
2024,12,silverstone,albon,9,0.821,15.8,2,0.0196,0.05,9,jolpica_real
2024,12,silverstone,tsunoda,13,1.45,13.0,2,0.0098,0.05,10,jolpica_real
2024,12,silverstone,sargeant,12,1.356,18.2,1,0.0196,0.05,11,jolpica_real
2024,12,silverstone,kevin_magnussen,17,7.086,13.8,2,0.0784,0.05,12,jolpica_real
2024,12,silverstone,ricciardo,15,2.13,11.4,1,0.0098,0.05,13,jolpica_real
2024,12,silverstone,leclerc,11,1.278,7.8,2,0.1078,0.05,14,jolpica_real
2024,12,silverstone,bottas,16,6.612,15.2,2,0.0,0.05,15,jolpica_real
2024,12,silverstone,ocon,18,8.738,12.6,2,0.0,0.05,16,jolpica_real
2024,12,silverstone,perez,20,12.529,11.8,2,0.1765,0.05,17,jolpica_real
2024,12,silverstone,zhou,14,2.048,15.2,2,0.0,0.05,18,jolpica_real
2024,12,silverstone,russell,1,0.0,4.0,2,0.2451,0.05,19,jolpica_real
2024,12,silverstone,gasly,19,13.985,10.8,2,0.0,0.05,20,jolpica_real
2024,13,hungaroring,piastri,2,0.022,4.0,1,0.4216,0.05,1,jolpica_real
2024,13,hungaroring,norris,1,0.0,6.2,2,0.4216,0.05,2,jolpica_real
2024,13,hungaroring,hamilton,5,0.627,3.8,2,0.1961,0.05,3,jolpica_real
2024,13,hungaroring,leclerc,6,0.678,10.0,2,0.1961,0.05,4,jolpica_real
2024,13,hungaroring,max_verstappen,3,0.046,3.0,2,0.1569,0.05,5,jolpica_real
2024,13,hungaroring,sainz,4,0.469,6.6,2,0.1961,0.05,6,jolpica_real
2024,13,hungaroring,perez,16,2.659,13.6,2,0.1569,0.05,7,jolpica_real
2024,13,hungaroring,russell,17,2.741,6.4,2,0.1961,0.05,8,jolpica_real
2024,13,hungaroring,tsunoda,10,1.25,13.0,2,0.0196,0.05,9,jolpica_real
2024,13,hungaroring,stroll,8,1.017,11.0,2,0.0098,0.05,10,jolpica_real
2024,13,hungaroring,alonso,7,0.816,11.0,2,0.0098,0.05,11,jolpica_real
2024,13,hungaroring,ricciardo,9,1.22,11.4,2,0.0196,0.05,12,jolpica_real
2024,13,hungaroring,hulkenberg,11,1.09,10.6,1,0.0,0.05,13,jolpica_real
2024,13,hungaroring,albon,13,1.202,13.6,2,0.0,0.05,14,jolpica_real
2024,13,hungaroring,kevin_magnussen,15,1.321,13.8,2,0.0,0.05,15,jolpica_real
2024,13,hungaroring,bottas,12,1.157,14.6,2,0.0,0.05,16,jolpica_real
2024,13,hungaroring,sargeant,14,1.316,17.0,1,0.0,0.05,17,jolpica_real
2024,13,hungaroring,ocon,19,2.822,13.0,2,0.0,0.05,18,jolpica_real
2024,13,hungaroring,zhou,18,2.81,15.8,2,0.0,0.05,19,jolpica_real
2024,13,hungaroring,gasly,20,2.939,11.6,2,0.0,0.05,20,jolpica_real
2024,14,spa,hamilton,3,0.676,3.0,2,0.2451,0.05,1,jolpica_real
2024,14,spa,piastri,5,0.868,3.8,1,0.2745,0.05,2,jolpica_real
2024,14,spa,leclerc,1,0.595,10.6,2,0.2255,0.05,3,jolpica_real
2024,14,spa,max_verstappen,11,0.0,2.8,2,0.1863,0.05,4,jolpica_real
2024,14,spa,norris,4,0.822,5.8,2,0.2745,0.05,5,jolpica_real
2024,14,spa,sainz,7,1.318,7.2,2,0.2255,0.05,6,jolpica_real
2024,14,spa,perez,2,0.606,11.4,2,0.1863,0.05,7,jolpica_real
2024,14,spa,alonso,8,1.606,11.0,2,0.0392,0.05,8,jolpica_real
2024,14,spa,ocon,9,1.651,13.2,2,0.0196,0.05,9,jolpica_real
2024,14,spa,ricciardo,13,1.523,11.4,2,0.0098,0.05,10,jolpica_real
2024,14,spa,stroll,15,2.557,10.2,2,0.0392,0.05,11,jolpica_real
2024,14,spa,albon,10,1.314,14.6,2,0.0,0.05,12,jolpica_real
2024,14,spa,gasly,12,1.476,13.6,2,0.0196,0.05,13,jolpica_real
2024,14,spa,kevin_magnussen,17,3.341,12.8,2,0.0,0.05,14,jolpica_real
2024,14,spa,bottas,14,1.605,15.2,2,0.0,0.05,15,jolpica_real
2024,14,spa,tsunoda,20,3.434,13.2,2,0.0098,0.05,16,jolpica_real
2024,14,spa,sargeant,18,4.071,17.4,1,0.0,0.05,17,jolpica_real
2024,14,spa,hulkenberg,16,3.149,9.4,1,0.0,0.05,18,jolpica_real
2024,14,spa,zhou,19,4.616,16.4,2,0.0,0.05,19,jolpica_real
2024,14,spa,russell,6,1.025,7.0,2,0.2451,0.05,20,jolpica_real
2024,15,zandvoort,norris,1,0.0,6.4,2,0.3725,0.05,1,jolpica_real
2024,15,zandvoort,max_verstappen,2,0.356,3.4,2,0.2549,0.05,2,jolpica_real
2024,15,zandvoort,leclerc,6,0.909,7.4,2,0.2451,0.05,3,jolpica_real
2024,15,zandvoort,piastri,3,0.499,3.2,1,0.3725,0.05,4,jolpica_real
2024,15,zandvoort,sainz,10,1.241,5.2,2,0.2451,0.05,5,jolpica_real
2024,15,zandvoort,perez,5,0.743,9.2,2,0.2549,0.05,6,jolpica_real
2024,15,zandvoort,russell,4,0.571,10.4,2,0.098,0.05,7,jolpica_real
2024,15,zandvoort,hamilton,14,1.275,2.4,2,0.098,0.05,8,jolpica_real
2024,15,zandvoort,gasly,9,1.304,14.4,2,0.0196,0.05,9,jolpica_real
2024,15,zandvoort,alonso,7,0.96,11.4,2,0.0098,0.05,10,jolpica_real
2024,15,zandvoort,hulkenberg,12,1.542,10.8,1,0.0,0.05,11,jolpica_real
2024,15,zandvoort,ricciardo,13,2.27,11.8,1,0.0,0.05,12,jolpica_real
2024,15,zandvoort,stroll,8,1.184,11.0,2,0.0098,0.05,13,jolpica_real
2024,15,zandvoort,albon,19,0.98,13.6,2,0.0,0.05,14,jolpica_real
2024,15,zandvoort,ocon,15,2.322,13.0,2,0.0196,0.05,15,jolpica_real
2024,15,zandvoort,sargeant,18,1.2,16.8,1,0.0,0.05,16,jolpica_real
2024,15,zandvoort,tsunoda,11,1.282,13.6,2,0.0,0.05,17,jolpica_real
2024,15,zandvoort,kevin_magnussen,20,1.622,13.2,2,0.0,0.05,18,jolpica_real
2024,15,zandvoort,bottas,16,2.495,15.6,2,0.0,0.05,19,jolpica_real
2024,15,zandvoort,zhou,17,3.588,17.2,2,0.0,0.05,20,jolpica_real
2024,16,monza,leclerc,4,0.134,7.0,2,0.3627,0.05,1,jolpica_real
2024,16,monza,piastri,2,0.109,2.6,1,0.3333,0.05,2,jolpica_real
2024,16,monza,norris,1,0.0,6.2,2,0.3333,0.05,3,jolpica_real
2024,16,monza,sainz,5,0.14,5.0,2,0.3627,0.05,4,jolpica_real
2024,16,monza,hamilton,6,0.186,3.4,2,0.1569,0.05,5,jolpica_real
2024,16,monza,max_verstappen,7,0.695,3.6,2,0.1176,0.05,6,jolpica_real
2024,16,monza,russell,3,0.113,11.0,2,0.1569,0.05,7,jolpica_real
2024,16,monza,perez,8,0.735,8.8,2,0.1176,0.05,8,jolpica_real
2024,16,monza,albon,9,0.972,12.8,1,0.0196,0.05,9,jolpica_real
2024,16,monza,kevin_magnussen,13,1.371,13.4,2,0.0098,0.05,10,jolpica_real
2024,16,monza,alonso,11,1.094,11.0,2,0.0,0.05,11,jolpica_real
2024,16,monza,colapinto,18,1.734,18.0,0,0.0196,0.05,12,jolpica_real
2024,16,monza,ricciardo,12,1.152,11.2,1,0.0,0.05,13,jolpica_real
2024,16,monza,ocon,15,1.439,14.0,2,0.0,0.05,14,jolpica_real
2024,16,monza,gasly,14,1.411,14.4,2,0.0,0.05,15,jolpica_real
2024,16,monza,bottas,19,1.774,16.2,2,0.0,0.05,16,jolpica_real
2024,16,monza,hulkenberg,10,1.012,10.8,1,0.0098,0.05,17,jolpica_real
2024,16,monza,zhou,20,2.118,18.6,2,0.0,0.05,18,jolpica_real
2024,16,monza,stroll,17,1.686,10.8,2,0.0,0.05,19,jolpica_real
2024,16,monza,tsunoda,16,1.618,13.2,2,0.0,0.05,20,jolpica_real
2024,17,baku,piastri,2,0.321,2.6,1,0.3725,0.05,1,jolpica_real
2024,17,baku,leclerc,1,0.0,5.0,2,0.1765,0.05,2,jolpica_real
2024,17,baku,russell,5,0.509,12.2,2,0.1667,0.05,3,jolpica_real
2024,17,baku,norris,15,2.244,2.8,2,0.3725,0.05,4,jolpica_real
2024,17,baku,max_verstappen,6,0.658,3.8,2,0.098,0.05,5,jolpica_real
2024,17,baku,alonso,7,1.004,9.6,2,0.0784,0.05,6,jolpica_real
2024,17,baku,albon,9,1.494,11.6,2,0.098,0.05,7,jolpica_real
2024,17,baku,colapinto,8,1.165,12.0,0,0.098,0.05,8,jolpica_real
2024,17,baku,hamilton,19,0.924,3.6,2,0.1667,0.05,9,jolpica_real
2024,17,baku,bearman,10,1.603,7.0,0,0.0098,0.05,10,jolpica_real
2024,17,baku,hulkenberg,12,1.826,13.0,1,0.0098,0.05,11,jolpica_real
2024,17,baku,gasly,18,1.814,15.4,2,0.0,0.05,12,jolpica_real
2024,17,baku,ricciardo,14,2.182,12.0,1,0.0,0.05,13,jolpica_real
2024,17,baku,zhou,17,2.881,18.8,2,0.0,0.05,14,jolpica_real
2024,17,baku,ocon,20,3.139,14.4,2,0.0,0.05,15,jolpica_real
2024,17,baku,bottas,16,2.253,16.2,2,0.0,0.05,16,jolpica_real
2024,17,baku,perez,4,0.448,9.0,2,0.098,0.05,17,jolpica_real
2024,17,baku,sainz,3,0.44,5.2,2,0.1765,0.05,18,jolpica_real
2024,17,baku,stroll,13,2.039,12.0,2,0.0784,0.05,19,jolpica_real
2024,17,baku,tsunoda,11,1.67,14.4,2,0.0,0.05,20,jolpica_real
2024,18,marina_bay,norris,1,0.0,3.0,2,0.396,0.05,1,jolpica_real
2024,18,marina_bay,max_verstappen,2,0.203,4.4,2,0.1881,0.05,2,jolpica_real
2024,18,marina_bay,piastri,5,0.428,2.0,1,0.396,0.05,3,jolpica_real
2024,18,marina_bay,russell,4,0.342,9.0,2,0.198,0.05,4,jolpica_real
2024,18,marina_bay,leclerc,9,0.222,2.6,2,0.1584,0.05,5,jolpica_real
2024,18,marina_bay,hamilton,3,0.316,5.2,2,0.198,0.05,6,jolpica_real
2024,18,marina_bay,sainz,10,0.583,7.8,2,0.1584,0.05,7,jolpica_real
2024,18,marina_bay,alonso,7,0.689,9.2,2,0.0396,0.05,8,jolpica_real
2024,18,marina_bay,hulkenberg,6,0.59,14.0,1,0.0198,0.05,9,jolpica_real
2024,18,marina_bay,perez,13,1.054,9.0,2,0.1881,0.05,10,jolpica_real
2024,18,marina_bay,colapinto,12,0.956,10.0,0,0.0,0.05,11,jolpica_real
2024,18,marina_bay,tsunoda,8,0.829,16.4,2,0.0,0.05,12,jolpica_real
2024,18,marina_bay,ocon,15,1.244,14.2,2,0.0,0.05,13,jolpica_real
2024,18,marina_bay,stroll,17,1.569,14.4,2,0.0396,0.05,14,jolpica_real
2024,18,marina_bay,zhou,20,2.529,18.0,2,0.0,0.05,15,jolpica_real
2024,18,marina_bay,bottas,19,2.047,16.4,2,0.0,0.05,16,jolpica_real
2024,18,marina_bay,gasly,18,1.787,13.8,2,0.0,0.05,17,jolpica_real
2024,18,marina_bay,ricciardo,16,1.56,12.0,1,0.0,0.05,18,jolpica_real
2024,18,marina_bay,kevin_magnussen,14,1.128,13.8,2,0.0198,0.05,19,jolpica_real
2024,18,marina_bay,albon,11,0.949,11.2,2,0.0,0.05,20,jolpica_real
2024,19,americas,leclerc,4,0.41,2.8,2,0.4257,0.05,1,jolpica_real
2024,19,americas,sainz,3,0.322,8.0,2,0.4257,0.05,2,jolpica_real
2024,19,americas,max_verstappen,2,0.031,3.8,2,0.2079,0.05,3,jolpica_real
2024,19,americas,norris,1,0.0,2.8,2,0.2178,0.05,4,jolpica_real
2024,19,americas,piastri,5,0.62,2.4,1,0.2178,0.05,5,jolpica_real
2024,19,americas,russell,20,0.644,8.2,2,0.0792,0.05,6,jolpica_real
2024,19,americas,perez,9,0.69,9.6,2,0.2079,0.05,7,jolpica_real
2024,19,americas,hulkenberg,11,1.214,13.2,1,0.0396,0.05,8,jolpica_real
2024,19,americas,lawson,19,1.009,12.2,0,0.0198,0.05,9,jolpica_real
2024,19,americas,colapinto,15,1.732,10.33,0,0.0099,0.05,10,jolpica_real
2024,19,americas,kevin_magnussen,8,1.151,15.2,2,0.0396,0.05,11,jolpica_real
2024,19,americas,gasly,6,0.688,13.2,2,0.0,0.05,12,jolpica_real
2024,19,americas,alonso,7,0.979,8.6,2,0.0,0.05,13,jolpica_real
2024,19,americas,tsunoda,10,1.176,17.0,2,0.0198,0.05,14,jolpica_real
2024,19,americas,stroll,13,1.429,15.2,2,0.0,0.05,15,jolpica_real
2024,19,americas,albon,14,1.721,12.4,2,0.0099,0.05,16,jolpica_real
2024,19,americas,bottas,16,1.822,16.4,2,0.0,0.05,17,jolpica_real
2024,19,americas,ocon,12,1.267,13.2,2,0.0,0.05,18,jolpica_real
2024,19,americas,zhou,18,1.898,17.2,2,0.0,0.05,19,jolpica_real
2024,19,americas,hamilton,17,1.824,5.8,2,0.0792,0.05,20,jolpica_real
2024,20,rodriguez,sainz,1,0.0,7.2,2,0.402,0.05,1,jolpica_real
2024,20,rodriguez,norris,3,0.314,2.6,2,0.2157,0.05,2,jolpica_real
2024,20,rodriguez,leclerc,4,0.319,2.4,2,0.402,0.05,3,jolpica_real
2024,20,rodriguez,hamilton,6,0.705,9.6,2,0.2157,0.05,4,jolpica_real
2024,20,rodriguez,russell,5,0.41,5.4,2,0.2157,0.05,5,jolpica_real
2024,20,rodriguez,max_verstappen,2,0.225,3.6,2,0.0784,0.05,6,jolpica_real
2024,20,rodriguez,kevin_magnussen,7,0.94,14.4,2,0.0784,0.05,7,jolpica_real
2024,20,rodriguez,piastri,17,1.651,3.0,1,0.2157,0.05,8,jolpica_real
2024,20,rodriguez,hulkenberg,10,1.419,11.2,1,0.0784,0.05,9,jolpica_real
2024,20,rodriguez,gasly,8,0.946,13.0,2,0.0098,0.05,10,jolpica_real
2024,20,rodriguez,stroll,14,1.348,16.0,2,0.0,0.05,11,jolpica_real
2024,20,rodriguez,colapinto,16,1.612,10.25,0,0.0,0.05,12,jolpica_real
2024,20,rodriguez,ocon,20,1.671,15.0,2,0.0098,0.05,13,jolpica_real
2024,20,rodriguez,bottas,15,1.871,16.8,2,0.0,0.05,14,jolpica_real
2024,20,rodriguez,zhou,19,2.126,17.2,2,0.0,0.05,15,jolpica_real
2024,20,rodriguez,lawson,12,1.216,11.4,0,0.0,0.05,16,jolpica_real
2024,20,rodriguez,perez,18,1.665,9.6,2,0.0784,0.05,17,jolpica_real
2024,20,rodriguez,alonso,13,1.222,9.6,2,0.0,0.05,18,jolpica_real
2024,20,rodriguez,albon,9,1.119,13.2,2,0.0,0.05,19,jolpica_real
2024,20,rodriguez,tsunoda,11,1.183,16.6,2,0.0,0.05,20,jolpica_real
2024,21,interlagos,max_verstappen,17,4.366,4.4,2,0.2549,0.05,1,jolpica_real
2024,21,interlagos,ocon,4,1.07,14.6,2,0.3235,0.05,2,jolpica_real
2024,21,interlagos,gasly,13,6.209,13.2,2,0.3235,0.05,3,jolpica_real
2024,21,interlagos,russell,2,0.173,5.0,2,0.1275,0.05,4,jolpica_real
2024,21,interlagos,leclerc,6,1.12,2.4,2,0.098,0.05,5,jolpica_real
2024,21,interlagos,norris,1,0.0,2.8,2,0.1176,0.05,6,jolpica_real
2024,21,interlagos,tsunoda,3,0.706,17.2,2,0.0784,0.05,7,jolpica_real
2024,21,interlagos,piastri,8,1.281,3.8,1,0.1176,0.05,8,jolpica_real
2024,21,interlagos,lawson,5,1.079,12.4,0,0.0784,0.05,9,jolpica_real
2024,21,interlagos,hamilton,14,7.745,8.8,2,0.1275,0.05,10,jolpica_real
2024,21,interlagos,perez,12,4.753,11.8,2,0.2549,0.05,11,jolpica_real
2024,21,interlagos,bearman,15,7.824,8.5,0,0.0,0.05,12,jolpica_real
2024,21,interlagos,bottas,11,3.067,15.8,2,0.0,0.05,13,jolpica_real
2024,21,interlagos,alonso,9,5.593,11.2,2,0.0,0.05,14,jolpica_real
2024,21,interlagos,zhou,19,8.858,16.2,2,0.0,0.05,15,jolpica_real
2024,21,interlagos,sainz,20,6.001,6.4,2,0.098,0.05,16,jolpica_real
2024,21,interlagos,colapinto,16,7.865,10.6,0,0.0,0.05,17,jolpica_real
2024,21,interlagos,albon,7,1.252,14.2,2,0.0,0.05,18,jolpica_real
2024,21,interlagos,stroll,10,2.929,15.6,2,0.0,0.05,19,jolpica_real
2024,21,interlagos,hulkenberg,18,8.218,10.8,1,0.0,0.05,20,jolpica_real
2024,22,vegas,russell,1,0.0,4.4,1,0.4216,0.05,1,jolpica_real
2024,22,vegas,hamilton,10,15.794,9.8,1,0.4216,0.05,2,jolpica_real
2024,22,vegas,sainz,2,0.098,8.8,1,0.2647,0.05,3,jolpica_real
2024,22,vegas,leclerc,4,0.471,3.2,1,0.2647,0.05,4,jolpica_real
2024,22,vegas,max_verstappen,5,0.485,3.4,1,0.1078,0.05,5,jolpica_real
2024,22,vegas,norris,6,0.696,3.4,1,0.1471,0.05,6,jolpica_real
2024,22,vegas,piastri,8,0.721,5.0,1,0.1471,0.05,7,jolpica_real
2024,22,vegas,hulkenberg,9,0.75,11.4,1,0.0392,0.05,8,jolpica_real
2024,22,vegas,tsunoda,7,0.717,14.6,1,0.0196,0.05,9,jolpica_real
2024,22,vegas,perez,15,1.843,12.4,1,0.1078,0.05,10,jolpica_real
2024,22,vegas,alonso,16,1.946,11.8,1,0.0,0.05,11,jolpica_real
2024,22,vegas,kevin_magnussen,12,0.985,13.0,1,0.0392,0.05,12,jolpica_real
2024,22,vegas,zhou,13,1.254,15.6,1,0.0,0.05,13,jolpica_real
2024,22,vegas,colapinto,20,1.437,11.6,0,0.0,0.05,14,jolpica_real
2024,22,vegas,stroll,18,2.172,15.6,1,0.0,0.05,15,jolpica_real
2024,22,vegas,lawson,14,1.945,12.4,0,0.0196,0.05,16,jolpica_real
2024,22,vegas,ocon,11,0.909,12.2,1,0.0,0.05,17,jolpica_real
2024,22,vegas,bottas,19,2.118,15.2,1,0.0,0.05,18,jolpica_real
2024,22,vegas,albon,17,2.113,16.0,1,0.0,0.05,19,jolpica_real
2024,22,vegas,gasly,3,0.352,10.8,1,0.0,0.05,20,jolpica_real
2024,23,losail,max_verstappen,2,0.0,3.4,1,0.2451,0.05,1,jolpica_real
2024,23,losail,leclerc,5,0.332,3.6,1,0.2549,0.05,2,jolpica_real
2024,23,losail,piastri,4,0.309,6.2,1,0.1667,0.05,3,jolpica_real
2024,23,losail,russell,1,0.055,4.0,1,0.1176,0.05,4,jolpica_real
2024,23,losail,gasly,11,0.917,12.4,1,0.098,0.05,5,jolpica_real
2024,23,losail,sainz,7,0.521,5.8,1,0.2549,0.05,6,jolpica_real
2024,23,losail,alonso,8,0.731,12.8,1,0.0588,0.05,7,jolpica_real
2024,23,losail,zhou,12,0.981,15.4,1,0.0392,0.05,8,jolpica_real
2024,23,losail,kevin_magnussen,10,0.98,11.8,1,0.0196,0.05,9,jolpica_real
2024,23,losail,norris,3,0.252,3.8,1,0.1667,0.05,10,jolpica_real
2024,23,losail,bottas,13,1.211,15.6,1,0.0392,0.05,11,jolpica_real
2024,23,losail,hamilton,6,0.491,8.4,1,0.1176,0.05,12,jolpica_real
2024,23,losail,tsunoda,14,1.251,12.4,1,0.0,0.05,13,jolpica_real
2024,23,losail,lawson,17,1.891,13.4,1,0.0,0.05,14,jolpica_real
2024,23,losail,albon,16,1.87,18.4,1,0.0,0.05,15,jolpica_real
2024,23,losail,hulkenberg,18,1.922,10.8,1,0.0196,0.05,16,jolpica_real
2024,23,losail,perez,9,0.905,11.0,1,0.2451,0.05,17,jolpica_real
2024,23,losail,stroll,15,1.391,14.8,1,0.0588,0.05,18,jolpica_real
2024,23,losail,colapinto,19,2.074,12.8,0,0.0,0.05,19,jolpica_real
2024,23,losail,ocon,20,2.194,12.6,1,0.098,0.05,20,jolpica_real
2024,24,yas_marina,norris,1,0.0,5.6,2,0.2574,0.05,1,jolpica_real
2024,24,yas_marina,sainz,3,0.229,5.6,2,0.3267,0.05,2,jolpica_real
2024,24,yas_marina,leclerc,19,1.238,3.0,2,0.3267,0.05,3,jolpica_real
2024,24,yas_marina,hamilton,16,1.292,9.6,2,0.2178,0.05,4,jolpica_real
2024,24,yas_marina,russell,6,0.537,4.0,2,0.2178,0.05,5,jolpica_real
2024,24,yas_marina,max_verstappen,4,0.35,3.2,2,0.0792,0.05,6,jolpica_real
2024,24,yas_marina,gasly,5,0.389,10.0,2,0.0594,0.05,7,jolpica_real
2024,24,yas_marina,hulkenberg,7,0.291,12.2,1,0.0396,0.05,8,jolpica_real
2024,24,yas_marina,alonso,8,0.601,12.6,2,0.0198,0.05,9,jolpica_real
2024,24,yas_marina,piastri,2,0.209,6.2,1,0.2574,0.05,10,jolpica_real
2024,24,yas_marina,albon,18,1.226,17.4,2,0.0,0.05,11,jolpica_real
2024,24,yas_marina,tsunoda,11,0.824,12.6,2,0.0,0.05,12,jolpica_real
2024,24,yas_marina,zhou,15,1.285,14.0,2,0.0,0.05,13,jolpica_real
2024,24,yas_marina,stroll,13,1.189,15.6,2,0.0198,0.05,14,jolpica_real
2024,24,yas_marina,doohan,17,1.51,17.0,0,0.0594,0.05,15,jolpica_real
2024,24,yas_marina,kevin_magnussen,14,1.282,11.6,2,0.0396,0.05,16,jolpica_real
2024,24,yas_marina,lawson,12,0.877,12.8,0,0.0,0.05,17,jolpica_real
2024,24,yas_marina,bottas,9,0.609,14.6,2,0.0,0.05,18,jolpica_real
2024,24,yas_marina,colapinto,20,1.317,14.4,0,0.0,0.05,19,jolpica_real
2024,24,yas_marina,perez,10,0.669,12.4,2,0.0792,0.05,20,jolpica_real
